nid,category,title,writer,dept_nm,regist_dt,taxonomy,telno,cpyrht,url
7107226,환경,"서울시 배출권거래제 대응계획",백승주,기후변화대응과,20160922000000,"환경>에너지 절감>에너지 절감(배출권 거래제) 계획>서울시 배출권 거래제 대응계획",2133-3598,"CC BY",http://opengov.seoul.go.kr/public/7107226
9524895,공통업무,"2016년 8월 도시재생본부 주거환경개선과 업무추진비 집행내역",정선용,주거환경개선과,20160902091604,"공통업무>업무추진비 사용내역>업무추진비 사용내역>실국본부장, 4급이상 공무원이 장인 부서 및 기관의 업무추진비",2133-7246,"CC BY-NC-ND",http://opengov.seoul.go.kr/public/9524895
9524896,공통업무,"2016년 8월 여의도공원 부서운영업무추진비 집행내역",김영주,여의도공원관리사무소,20160902092705,"공통업무>업무추진비 사용내역>업무추진비 사용내역>실국본부장, 4급이상 공무원이 장인 부서 및 기관의 업무추진비",02-761-4078,"CC BY-NC-ND",http://opengov.seoul.go.kr/public/9524896
9524897,공통업무,"2016년 8월 광진소방서 금호119안전센터 업무추진비 집행내역",서영익,금호119안전센터,20160902093731,"공통업무>업무추진비 사용내역>업무추진비 사용내역>실국본부장, 4급이상 공무원이 장인 부서 및 기관의 업무추진비",0222911119,"CC BY-NC-ND",http://opengov.seoul.go.kr/public/9524897
9524899,주택도시계획,"보증금지원형 장기안심주택 공급현황(`12년~`16년 상반기)",안홍기,임대주택과,20160902102711,"주택도시계획>임대주택>임대주택 개발 공급현황>장기안심주택 등 임대주택 개발, 공급현황",2133-7068,"CC BY-ND",http://opengov.seoul.go.kr/public/9524899
9524900,공통업무,"2016년 8월 영등포아리수정수센터 정수시설과 업무추진비 집행내역",김익동,정수시설과,20160902103040,"공통업무>업무추진비 사용내역>업무추진비 사용내역>실국본부장, 4급이상 공무원이 장인 부서 및 기관의 업무추진비",3146-5677,"CC BY-NC-ND",http://opengov.seoul.go.kr/public/9524900
9524901,공통업무,"2016년 7월 업무추진비 지출 내역 등록(환경수자원전문위원실)",이지훈,환경수자원전문위원실,20160902103321,"공통업무>업무추진비 사용내역>업무추진비 사용내역>실국본부장, 4급이상 공무원이 장인 부서 및 기관의 업무추진비",3705-1225,"CC BY",http://opengov.seoul.go.kr/public/9524901
9524902,공통업무,"2016년 8월 도시기반시설본부 도시철도토목부 업무추진비 집행내역",김주미,도시철도토목부,20160902103459,"공통업무>업무추진비 사용내역>업무추진비 사용내역>실국본부장, 4급이상 공무원이 장인 부서 및 기관의 업무추진비",02-772-7217,"CC BY",http://opengov.seoul.go.kr/public/9524902
9524903,공통업무,"2016년 8월 광진소방서 중곡119안전센터 업무추진비 집행내역",박은수,중곡119안전센터,20160902104416,"공통업무>업무추진비 사용내역>업무추진비 사용내역>실국본부장, 4급이상 공무원이 장인 부서 및 기관의 업무추진비",02-453-2119,"CC BY-NC-ND",http://opengov.seoul.go.kr/public/9524903
9524904,공통업무,"2016년 8월 관악소방서 업무추진비 집행내역 공개",최선우,소방행정과,20160902105517,"공통업무>업무추진비 사용내역>업무추진비 사용내역>실국본부장, 4급이상 공무원이 장인 부서 및 기관의 업무추진비",02)875-4322,"CC BY-NC-ND",http://opengov.seoul.go.kr/public/9524904
9524905,공통업무,"2016년 8월 북부수도사업소 요금과 업무추진비 집행내역",이상희,요금과,20160902110105,"공통업무>업무추진비 사용내역>업무추진비 사용내역>실국본부장, 4급이상 공무원이 장인 부서 및 기관의 업무추진비",02)3146-3282,"CC BY-NC-ND",http://opengov.seoul.go.kr/public/9524905
9524906,공통업무,"2016년 8월 강남수도사업소 요금과 부서운영비 집행내역",심하늬,"강남수도사업소 요금과",20160902110820,"공통업무>업무추진비 사용내역>업무추진비 사용내역>실국본부장, 4급이상 공무원이 장인 부서 및 기관의 업무추진비",3146-4783,"CC BY-NC-ND",http://opengov.seoul.go.kr/public/9524906
9524907,공통업무,"2016년 8월 보건환경연구원 질병연구부 업무추진비 공개",신명희,질병연구부,20160902000000,"공통업무>업무추진비 사용내역>업무추진비 사용내역>실국본부장, 4급이상 공무원이 장인 부서 및 기관의 업무추진비",570-3461,"CC BY-NC-ND",http://opengov.seoul.go.kr/public/9524907
9524908,공통업무,"2016년 08월 광진소방서 송정119안전센터 업무추진비 집행내역",안성호-22,송정119안전센터,20160902111842,"공통업무>업무추진비 사용내역>업무추진비 사용내역>실국본부장, 4급이상 공무원이 장인 부서 및 기관의 업무추진비",024620119,"CC BY-NC-ND",http://opengov.seoul.go.kr/public/9524908
9524909,공통업무,"2016년 8월 상수도사업본부 요금관리부 업무추진비 집행내역",김미정,요금제도과,20160902112041,"공통업무>업무추진비 사용내역>업무추진비 사용내역>실국본부장, 4급이상 공무원이 장인 부서 및 기관의 업무추진비",3146-1182,"CC BY-NC-ND",http://opengov.seoul.go.kr/public/9524909
9524910,공통업무,"2016년 8월 보건환경연구원 대기환경연구부 부서운영업무추진비 집행내역 공개",신윤미,대기환경연구부,20160902112739,"공통업무>업무추진비 사용내역>업무추진비 사용내역>실국본부장, 4급이상 공무원이 장인 부서 및 기관의 업무추진비",570-3282,"CC BY-NC-ND",http://opengov.seoul.go.kr/public/9524910
9524911,공통업무,"2016년 8월 중부공원녹지사업소 북서울꿈의숲관리사무소 업무추진비 집행내역",모혜옥,북서울꿈의숲관리사무소,20160902112910,"공통업무>업무추진비 사용내역>업무추진비 사용내역>실국본부장, 4급이상 공무원이 장인 부서 및 기관의 업무추진비",2289-4016,"CC BY",http://opengov.seoul.go.kr/public/9524911
9538859,공통업무,"보건환경연구원강남농수산물검사소8월 업무추진비 내역",김경자,강남농수산물검사소,20160902000000,"공통업무>업무추진비 사용내역>업무추진비 사용내역>실국본부장, 4급이상 공무원이 장인 부서 및 기관의 업무추진비",02-3435-0662,"CC BY-NC-ND",http://opengov.seoul.go.kr/public/9538859
9538860,공통업무,"2016년 8월 동부수도사업소 업무추진비(기관운영,시책추진,부서운영,정원가산) 집행내역",노은영,"동부수도사업소 행정지원과",20160902114750,"공통업무>업무추진비 사용내역>업무추진비 사용내역>실국본부장, 4급이상 공무원이 장인 부서 및 기관의 업무추진비",3146-2612,"CC BY-NC",http://opengov.seoul.go.kr/public/9538860
9538861,공통업무,"강서도로사업소업무추진비8월 ",이효선,관리단속과,20160902131416,"공통업무>업무추진비 사용내역>업무추진비 사용내역>실국본부장, 4급이상 공무원이 장인 부서 및 기관의 업무추진비",0226577918,"CC BY-NC-ND",http://opengov.seoul.go.kr/public/9538861
9538862,공통업무,"2016년 8월 상수도사업본부 경영관리부 업무추진비 집행내역",김호남,총무과,20160902131919,"공통업무>업무추진비 사용내역>업무추진비 사용내역>실국본부장, 4급이상 공무원이 장인 부서 및 기관의 업무추진비",3146-1111,"CC BY-NC-ND",http://opengov.seoul.go.kr/public/9538862
9538863,공통업무,"2016년 8월 도시기반시설본부 방재시설부 업무추진비 집행내역",이동남,방재시설부,20160902132449,"공통업무>업무추진비 사용내역>업무추진비 사용내역>실국본부장, 4급이상 공무원이 장인 부서 및 기관의 업무추진비",3708-8744,"CC BY-NC-ND",http://opengov.seoul.go.kr/public/9538863
9538864,공통업무,"2016년 8월 생활환경과 업무추진비 집행내역",유금자,생활환경과,20160902135109,"공통업무>업무추진비 사용내역>업무추진비 사용내역>실국본부장, 4급이상 공무원이 장인 부서 및 기관의 업무추진비",2133-3728,"CC BY-NC-ND",http://opengov.seoul.go.kr/public/9538864
9538865,공통업무,"2016년 8월 남부수도사업소 급수운영과 업무추진비 집행내역",박현주,급수운영과,20160902140517,"공통업무>업무추진비 사용내역>업무추진비 사용내역>실국본부장, 4급이상 공무원이 장인 부서 및 기관의 업무추진비",3146-4555,"CC BY-NC-ND",http://opengov.seoul.go.kr/public/9538865
9538866,공통업무,"서부공원녹지사업소 8월 업무추진비 사용내역 공개",임한묵,환경보전과,20160902143626,"공통업무>업무추진비 사용내역>업무추진비 사용내역>실국본부장, 4급이상 공무원이 장인 부서 및 기관의 업무추진비",023005561,"CC BY-NC-ND",http://opengov.seoul.go.kr/public/9538866
9538867,공통업무,"은평소방서 업무추진비 집행내역(8월) ",백종민,소방행정과,20160902000000,"공통업무>업무추진비 사용내역>업무추진비 사용내역>실국본부장, 4급이상 공무원이 장인 부서 및 기관의 업무추진비",02-353-0119,"CC BY-NC-ND",http://opengov.seoul.go.kr/public/9538867
9538868,공통업무,"2016. 8월 산업거점조성반 업무추진비 집행내역",유명은,경제정책과,20160902145433,"공통업무>업무추진비 사용내역>업무추진비 사용내역>실국본부장, 4급이상 공무원이 장인 부서 및 기관의 업무추진비",2133-4824,"CC BY-NC-ND",http://opengov.seoul.go.kr/public/9538868
9538869,공통업무,"2016년 8월 구의아리수정수센터 업무추진비 집행내역",신상용,행정관리과,20160902151951,"공통업무>업무추진비 사용내역>업무추진비 사용내역>실국본부장, 4급이상 공무원이 장인 부서 및 기관의 업무추진비",3146-5412,"CC BY-NC-ND",http://opengov.seoul.go.kr/public/9538869
9539842,건강,"2016년 치매지원센터 운영실적(2016.6월말 기준)",이희선,건강증진과,20160902161351,"건강>건강관리>치매사업 관리계획>치매사업 관리계획 및 추진현황",2133-7583,"CC BY-ND",http://opengov.seoul.go.kr/public/9539842
9539843,공통업무,"2016년 8월 서울시보건환경연구원 강북농수물검사소 업무추진비 공개",정삼식,강북농수산물검사소,20160902161649,"공통업무>업무추진비 사용내역>업무추진비 사용내역>실국본부장, 4급이상 공무원이 장인 부서 및 기관의 업무추진비",02)968-5093,"CC BY-NC-ND",http://opengov.seoul.go.kr/public/9539843
9539844,공통업무,"2016년 8월 성동도로사업소 업무추진비 사용내역",최경혜,관리단속과,20160902161907,"공통업무>업무추진비 사용내역>업무추진비 사용내역>실국본부장, 4급이상 공무원이 장인 부서 및 기관의 업무추진비",2210-1512,"CC BY-NC-ND",http://opengov.seoul.go.kr/public/9539844
9539845,건강,"2015년 감염병 감시 연보",이경희,생활보건과,20160902163951,"건강>감염질환>감염병 발생현황>주요 감염병 발생현황",02-2133-7665,"CC BY-NC-SA",http://opengov.seoul.go.kr/public/9539845
9539846,건강,"음식점 위생등급평가 결과 등급업소 공개",이철환,식품안전과,20160902165436,"건강>식생활 안전>음식점 위생등급제 평가제 실시>음식점 위생등급제 평가결과 우수음식점 공개",02-2133-4716,"CC BY-NC-ND",http://opengov.seoul.go.kr/public/9539846
9539847,공통업무,"2016년 8월 도시재생본부 주거재생과 업무추진비 집행내역",김경화,주거재생과,20160902170916,"공통업무>업무추진비 사용내역>업무추진비 사용내역>실국본부장, 4급이상 공무원이 장인 부서 및 기관의 업무추진비",2133-7163,"CC BY-ND",http://opengov.seoul.go.kr/public/9539847
9539848,공통업무,"2016년 8월 수도자재관리센터 업무추진비공개내역(기관, 부서,정원)",우미숙,수도자재관리센터,20160902172041,"공통업무>업무추진비 사용내역>업무추진비 사용내역>실국본부장, 4급이상 공무원이 장인 부서 및 기관의 업무추진비",02-3146-1913,"CC BY-NC-ND",http://opengov.seoul.go.kr/public/9539848
9539849,공통업무,"[북서울미술관] 2016년 8월 업무추진비 집행내역",오윤경,운영과,20160902172124,"공통업무>업무추진비 사용내역>업무추진비 사용내역>실국본부장, 4급이상 공무원이 장인 부서 및 기관의 업무추진비",02-2124-5208,"CC BY-NC-ND",http://opengov.seoul.go.kr/public/9539849
9539850,공통업무,"2016년 8월 서대문소방서 업무추진비 집행내역",이병준,소방행정과,20160902173145,"공통업무>업무추진비 사용내역>업무추진비 사용내역>실국본부장, 4급이상 공무원이 장인 부서 및 기관의 업무추진비",02-3144-1119,"CC BY-NC-ND",http://opengov.seoul.go.kr/public/9539850
9539851,공통업무,"도시기반시설본부 도시철도계획부(8월) 업무추진비",최상희,도시철도계획부,20160902173958,"공통업무>업무추진비 사용내역>업무추진비 사용내역>실국본부장, 4급이상 공무원이 장인 부서 및 기관의 업무추진비",02-772-7138,"CC BY-NC",http://opengov.seoul.go.kr/public/9539851
9539852,공통업무,"2016년 8월 안전총괄본부 도로계획과 업무추진비 집행내역",최은주,도로계획과,20160902180612,"공통업무>업무추진비 사용내역>업무추진비 사용내역>실국본부장, 4급이상 공무원이 장인 부서 및 기관의 업무추진비",2133-8075,"CC BY",http://opengov.seoul.go.kr/public/9539852
9539853,건강,"2015년 감염병 감시 연보",함현진,생활보건과,20160902182404,"건강>감염질환>감염병 발생현황>주요 감염병 발생현황",02-2133-7687,"CC BY-NC-SA",http://opengov.seoul.go.kr/public/9539853
9539854,공통업무,"중부공원녹지사업소 녹지관리과 8월 부서업무추진비 집행내역",최현순,녹지관리과,20160902184450,"공통업무>업무추진비 사용내역>업무추진비 사용내역>실국본부장, 4급이상 공무원이 장인 부서 및 기관의 업무추진비",3783-5942,"CC BY-NC-ND",http://opengov.seoul.go.kr/public/9539854
9539855,공통업무,"'16년 8월 업무추진비 사용내역(일자리정책담당관)",이길수,"일자리 정책과",20160902215825,"공통업무>업무추진비 사용내역>업무추진비 사용내역>실국본부장, 4급이상 공무원이 장인 부서 및 기관의 업무추진비",02-2133-5452,"CC BY-NC-ND",http://opengov.seoul.go.kr/public/9539855
9539856,공통업무,"2016년 8월 시흥119안전센터 업무추진비 집행내역",김주만,시흥119안전센터,20160903112410,"공통업무>업무추진비 사용내역>업무추진비 사용내역>실국본부장, 4급이상 공무원이 장인 부서 및 기관의 업무추진비",806-1119,"CC BY-NC-ND",http://opengov.seoul.go.kr/public/9539856
9553386,공통업무,"2016년 8월 강남수도사업소 업무추진비 집행내역",허홍석,행정지원과,20160903135215,"공통업무>업무추진비 사용내역>업무추진비 사용내역>실국본부장, 4급이상 공무원이 장인 부서 및 기관의 업무추진비",3146-4712,"CC BY-NC-ND",http://opengov.seoul.go.kr/public/9553386
9554324,공통업무,"광암아리수정수센터 업무추진비 집행내역(201608)",유혜영,정수운영과,20160903182154,"공통업무>업무추진비 사용내역>업무추진비 사용내역>실국본부장, 4급이상 공무원이 장인 부서 및 기관의 업무추진비",3146-5313,"CC BY-NC-ND",http://opengov.seoul.go.kr/public/9554324
9554325,공통업무,"2016년 8월 종로소방서(연건) 업무추진비 집행내역",박형태,연건119안전센터,20160903192358,"공통업무>업무추진비 사용내역>업무추진비 사용내역>실국본부장, 4급이상 공무원이 장인 부서 및 기관의 업무추진비",02-747-8119,"CC BY-NC-ND",http://opengov.seoul.go.kr/public/9554325
9554519,공통업무,"업무추진비 2016년도 8월분 집행내역(뚝도아리수정수센터)",이문상,행정관리과,20160904000000,"공통업무>업무추진비 사용내역>업무추진비 사용내역>실국본부장, 4급이상 공무원이 장인 부서 및 기관의 업무추진비",0231465511,"CC BY-NC-ND",http://opengov.seoul.go.kr/public/9554519
9554520,공통업무,"2016년 8월 업무추진비 공개내역(용산소방서 현장대응단)",이병화-22,현장대응단,20160904134304,"공통업무>업무추진비 사용내역>업무추진비 사용내역>실국본부장, 4급이상 공무원이 장인 부서 및 기관의 업무추진비",793-0119,"CC BY-NC-ND",http://opengov.seoul.go.kr/public/9554520
9554521,공통업무,"2016년 8월 도시계획과 도시관리과 업무추진비 집행내역",황효순,도시관리과,20160904145504,"공통업무>업무추진비 사용내역>업무추진비 사용내역>실국본부장, 4급이상 공무원이 장인 부서 및 기관의 업무추진비",2133-8377,"CC BY-NC-ND",http://opengov.seoul.go.kr/public/9554521
9554550,공통업무,"2016년 8월 기획조정실 법률지원담당관 업무추진비 집행내역",오정은,법률지원담당관,20160904000000,"공통업무>업무추진비 사용내역>업무추진비 사용내역>실국본부장, 4급이상 공무원이 장인 부서 및 기관의 업무추진비",02-2133-6707,"CC BY-NC-ND",http://opengov.seoul.go.kr/public/9554550
9554551,공통업무,"2016.8월 재무국 세무과 업무추진비 집행내역 공개",최석훈,세무과,20160904204951,"공통업무>업무추진비 사용내역>업무추진비 사용내역>실국본부장, 4급이상 공무원이 장인 부서 및 기관의 업무추진비",2133-3385,"CC BY-NC-ND",http://opengov.seoul.go.kr/public/9554551
9554552,공통업무,"2016년 8월 물순환안전국 물재생시설과 업무추진비 공개",김은영,물재생시설과,20160904214707,"공통업무>업무추진비 사용내역>업무추진비 사용내역>실국본부장, 4급이상 공무원이 장인 부서 및 기관의 업무추진비",02-2133-3827,"CC BY-NC-ND",http://opengov.seoul.go.kr/public/9554552
9554554,공통업무,"2016년 8월 도시기반시설본부 건설총괄부 업무추진비 집행내역",김대하,건설총괄부,20160905084031,"공통업무>업무추진비 사용내역>업무추진비 사용내역>실국본부장, 4급이상 공무원이 장인 부서 및 기관의 업무추진비",3708-2326,"CC BY-NC-ND",http://opengov.seoul.go.kr/public/9554554
9554555,공통업무,"2016년 8월 안전총괄본부 서울역일대종합발전기획단 업무추진비 집행내역",이철승,서울역일대종합발전기획단,20160905084124,"공통업무>업무추진비 사용내역>업무추진비 사용내역>실국본부장, 4급이상 공무원이 장인 부서 및 기관의 업무추진비",2133-8693,"CC BY-NC-ND",http://opengov.seoul.go.kr/public/9554555
9554556,공통업무,"2016-8월 한양도성도감 업무추진비 사용내역 ",하정아,한양도성도감,20160905091100,"공통업무>업무추진비 사용내역>업무추진비 사용내역>실국본부장, 4급이상 공무원이 장인 부서 및 기관의 업무추진비",02-2133-2654,"CC BY",http://opengov.seoul.go.kr/public/9554556
9554557,공통업무,"2016년 8월 시의회사무처 기획경제전문위원실 업무추진비 집행내역 공개",박진,기획경제전문위원실,20160905091846,"공통업무>업무추진비 사용내역>업무추진비 사용내역>실국본부장, 4급이상 공무원이 장인 부서 및 기관의 업무추진비",(02)3705-1209,"CC BY-NC-ND",http://opengov.seoul.go.kr/public/9554557
9554558,공통업무,"어린이병원 원무과 8월 업무추진비 사용내역 공개 ",강선미,원무과,20160905092302,"공통업무>업무추진비 사용내역>업무추진비 사용내역>실국본부장, 4급이상 공무원이 장인 부서 및 기관의 업무추진비",02-570-8038,"CC BY-NC-ND",http://opengov.seoul.go.kr/public/9554558
9554559,공통업무,"2016년 8월 정보기획관 정보시스템담당관 업무추진비 집행내역 ",김연숙,정보시스템담당관,20160905093108,"공통업무>업무추진비 사용내역>업무추진비 사용내역>실국본부장, 4급이상 공무원이 장인 부서 및 기관의 업무추진비",02-2133-2971,"CC BY-NC-ND",http://opengov.seoul.go.kr/public/9554559
9554561,공통업무,"2016년 8월 서울역사편찬원 업무추진비 집행내역",이영미,시사편찬과,20160905094315,"공통업무>업무추진비 사용내역>업무추진비 사용내역>실국본부장, 4급이상 공무원이 장인 부서 및 기관의 업무추진비",02-413-9688,"CC BY-NC-ND",http://opengov.seoul.go.kr/public/9554561
9554562,공통업무,"2016년 8월 물순환안전국 물재생계획과 업무추진비 집행내역 공개",조상열,물재생계획과,20160905094400,"공통업무>업무추진비 사용내역>업무추진비 사용내역>실국본부장, 4급이상 공무원이 장인 부서 및 기관의 업무추진비",2133-3783,"CC BY-NC-ND",http://opengov.seoul.go.kr/public/9554562
9554563,공통업무,"2016년  8월 119특수구조단 업무추진비 집행내역",오창훈,행정지원과,20160905000000,"공통업무>업무추진비 사용내역>업무추진비 사용내역>실국본부장, 4급이상 공무원이 장인 부서 및 기관의 업무추진비",3706-1917,"CC BY-NC-ND",http://opengov.seoul.go.kr/public/9554563
9554564,공통업무,"2016년 8월 지역발전본부 동북권사업단 업무추진비 집행내역",채창옥,동북권사업단,20160905095304,"공통업무>업무추진비 사용내역>업무추진비 사용내역>실국본부장, 4급이상 공무원이 장인 부서 및 기관의 업무추진비",02-2133-8279,"CC BY-NC-ND",http://opengov.seoul.go.kr/public/9554564
9554565,공통업무,"2016년 8월 서울혁신기획관 지역공동체담당관 업무추진비 집행내역",윤애심,지역공동체담당관,20160905095344,"공통업무>업무추진비 사용내역>업무추진비 사용내역>실국본부장, 4급이상 공무원이 장인 부서 및 기관의 업무추진비",2133-6335,"CC BY",http://opengov.seoul.go.kr/public/9554565
9554566,공통업무,"2016.8월 시설안전부 업무추진비 집행내역",조재형,누수방지과,20160905102115,"공통업무>업무추진비 사용내역>업무추진비 사용내역>실국본부장, 4급이상 공무원이 장인 부서 및 기관의 업무추진비",3146-1511,"CC BY-NC-ND",http://opengov.seoul.go.kr/public/9554566
9554567,공통업무,"2016년 8월 안전총괄본부 안전총괄관 보도환경개선과 업무추진비 집행내역",장수근,보도환경개선과,20160905102436,"공통업무>업무추진비 사용내역>업무추진비 사용내역>실국본부장, 4급이상 공무원이 장인 부서 및 기관의 업무추진비",2133-8108,"CC BY-NC-ND",http://opengov.seoul.go.kr/public/9554567
9554568,세금재정,"2015년도 자치구별 시유건물현황",최정아,자산관리과,20160905102802,"세금재정>재정>서울시 소유 건축물 현황>서울시 소유 건축물 현황",02)2133-3296,"CC BY-ND",http://opengov.seoul.go.kr/public/9554568
9554569,공통업무,"'16년 8월 동물보호과 업무추진비 집행내역 ",김연숙,동물보호과,20160905103015,"공통업무>업무추진비 사용내역>업무추진비 사용내역>실국본부장, 4급이상 공무원이 장인 부서 및 기관의 업무추진비",2133-7650,"CC BY-NC-ND",http://opengov.seoul.go.kr/public/9554569
9554570,공통업무,"2016년 8월 동작소방서 예방과 부서운영업무추진비 집행내역",박정원,예방과,20160905104922,"공통업무>업무추진비 사용내역>업무추진비 사용내역>실국본부장, 4급이상 공무원이 장인 부서 및 기관의 업무추진비",02-848-7600,"CC BY-NC-ND",http://opengov.seoul.go.kr/public/9554570
9554761,공통업무,"2016.7월 체육정책과 법인카드 사용내역",이진성,체육정책과,20160905112330,"공통업무>업무추진비 사용내역>업무추진비 사용내역>실국본부장, 4급이상 공무원이 장인 부서 및 기관의 업무추진비",2133-2679,"CC BY-NC-ND",http://opengov.seoul.go.kr/public/9554761
9554762,공통업무,"2016.8월 체육정책과 법인카드 사용내역",이진성,체육정책과,20160905112423,"공통업무>업무추진비 사용내역>업무추진비 사용내역>실국본부장, 4급이상 공무원이 장인 부서 및 기관의 업무추진비",2133-2679,"CC BY-NC-ND",http://opengov.seoul.go.kr/public/9554762
9554765,공통업무,"2016년 8월 안전총괄본부 안전총괄관 안전총괄과 업무추진비 집행내역",신민표,안전총괄과,20160905113430,"공통업무>업무추진비 사용내역>업무추진비 사용내역>실국본부장, 4급이상 공무원이 장인 부서 및 기관의 업무추진비",2133-8015,"CC BY-NC-ND",http://opengov.seoul.go.kr/public/9554765
9554767,공통업무,"2016년 8월 시민소통기획관 도시브랜드담당관 업무추진비 집행내역",최영아,도시브랜드담당관,20160905115016,"공통업무>업무추진비 사용내역>업무추진비 사용내역>실국본부장, 4급이상 공무원이 장인 부서 및 기관의 업무추진비",2133-6189,"CC BY-NC-ND",http://opengov.seoul.go.kr/public/9554767
9554768,공통업무,"2016년 8월 상수도사업본부 급수부 업무추진비 공개 ",문정혜,계획설계과,20160905125659,"공통업무>업무추진비 사용내역>업무추진비 사용내역>실국본부장, 4급이상 공무원이 장인 부서 및 기관의 업무추진비",3146-1411,"CC BY-NC-ND",http://opengov.seoul.go.kr/public/9554768
9554769,공통업무,"16년8월 부서운영업무추진비 집행내역",홍란희,건축기획과,20160905131021,"공통업무>업무추진비 사용내역>업무추진비 사용내역>실국본부장, 4급이상 공무원이 장인 부서 및 기관의 업무추진비",2133-7098,"CC BY-NC-ND",http://opengov.seoul.go.kr/public/9554769
9554770,공통업무,"16년8월 시책추진업무추진비 집행내역",홍란희,건축기획과,20160905131208,"공통업무>업무추진비 사용내역>업무추진비 사용내역>실국본부장, 4급이상 공무원이 장인 부서 및 기관의 업무추진비",2133-7098,"CC BY-NC-ND",http://opengov.seoul.go.kr/public/9554770
9554771,공통업무,"북부수도사업소 현장민원과 8월 부서운영업무추진비 사용내역",황은주,"북부수도사업소 현장민원과",20160905131433,"공통업무>업무추진비 사용내역>업무추진비 사용내역>실국본부장, 4급이상 공무원이 장인 부서 및 기관의 업무추진비",02-3146-2901,"CC BY-NC-ND",http://opengov.seoul.go.kr/public/9554771
9554772,공통업무,"서부공원녹지사업소 시설과 8월분 업무추진비 집행실적",양근대,시설과,20160905132417,"공통업무>업무추진비 사용내역>업무추진비 사용내역>실국본부장, 4급이상 공무원이 장인 부서 및 기관의 업무추진비",02-300-5536,"CC BY-NC-ND",http://opengov.seoul.go.kr/public/9554772
9554773,건강,"2016년 상반기 농수산물 부적합 현황",홍민정,식품안전과,20160905132905,"건강>식생활 안전>농산물 잔류농약 검사>부적합 농수산물 현황",2133-4736,"CC BY-NC-ND",http://opengov.seoul.go.kr/public/9554773
9554774,공통업무,"2016년 8월 갈등조정담당관 업무추진비 사용내역 공표",이연주,갈등조정담당관,20160905134809,"공통업무>업무추진비 사용내역>업무추진비 사용내역>실국본부장, 4급이상 공무원이 장인 부서 및 기관의 업무추진비",2133-6356,"CC BY-ND",http://opengov.seoul.go.kr/public/9554774
9554775,공통업무,"2016년 8월 서울시립미술관 학예연구부 업무추진비 집행내역",문덕기,교육홍보과,20160905000000,"공통업무>업무추진비 사용내역>업무추진비 사용내역>실국본부장, 4급이상 공무원이 장인 부서 및 기관의 업무추진비",02-2124-8926,"CC BY-NC-ND",http://opengov.seoul.go.kr/public/9554775
9554776,공통업무,"8월 시민건강국 식품안전과 업무추진비  사용실적 공개",김윤정,식품안전과,20160905140548,"공통업무>업무추진비 사용내역>업무추진비 사용내역>실국본부장, 4급이상 공무원이 장인 부서 및 기관의 업무추진비",2133-4706,"CC BY-NC-ND",http://opengov.seoul.go.kr/public/9554776
9554777,공통업무,"2016년 8월 보건환경연구원 식품의약품부 부서운영업무추진비 집행내역 공개 ",최희진,식품의약품부,20160905140602,"공통업무>업무추진비 사용내역>업무추진비 사용내역>실국본부장, 4급이상 공무원이 장인 부서 및 기관의 업무추진비",02-570-3265,"CC BY-NC-ND",http://opengov.seoul.go.kr/public/9554777
9554778,공통업무,2016년8월서부수도사업소급수운영과부서운영업무추진비사용내역,임재석,급수운영과,20160905140603,"공통업무>업무추진비 사용내역>업무추진비 사용내역>실국본부장, 4급이상 공무원이 장인 부서 및 기관의 업무추진비",3146-3642,"CC BY-NC-ND",http://opengov.seoul.go.kr/public/9554778
9554779,공통업무,"2016년 상품권 구매내역 및 사용내역(서부수도사업소 시설관리과)",김용민,시설관리과,20160905141227,"공통업무>예산집행 관리>상품권 구매 및 사용내역>상품권 종류, 목적, 수량, 구매액, 지급대상자 등",02-3146-3707,"CC BY-NC-ND",http://opengov.seoul.go.kr/public/9554779
9554780,공통업무,"2016년 8월 도시기반시설본부 시설국 설비부 업무추진비 집행내역",김미란,설비부,20160905141752,"공통업무>업무추진비 사용내역>업무추진비 사용내역>실국본부장, 4급이상 공무원이 장인 부서 및 기관의 업무추진비",02-3708-8609,"CC BY-NC-ND",http://opengov.seoul.go.kr/public/9554780
9554781,건강,"유해물질 수거검사 현황(2015년)",안성호,식품안전과,20160905143027,"건강>식생활 안전>유해물질 수거검사 현황>유해물질 수거검사 현황",21334732,"CC BY-NC-ND",http://opengov.seoul.go.kr/public/9554781
9554782,공통업무,"동부공원녹지사업소 조경지원과 8월분 업무추진비 집행내역",김영립,조경지원과,20160905143228,"공통업무>업무추진비 사용내역>업무추진비 사용내역>실국본부장, 4급이상 공무원이 장인 부서 및 기관의 업무추진비",2181-1173,"CC BY-NC-ND",http://opengov.seoul.go.kr/public/9554782
9554783,건강,"2016년 가공식품 안전관리 계획",안성호,식품안전과,20160905143418,"건강>식생활 안전>가공식품 안전 종합대책>가공식품 안전관리 종합계획",21334732,"CC BY-NC-ND",http://opengov.seoul.go.kr/public/9554783
9554784,공통업무,"2016년 8월 도시기반시설본부 도시철도건축부 업무추진비 집행내역",임숙경,도시철도건축부,20160905143601,"공통업무>업무추진비 사용내역>업무추진비 사용내역>실국본부장, 4급이상 공무원이 장인 부서 및 기관의 업무추진비",772-7337,"CC BY-NC-ND",http://opengov.seoul.go.kr/public/9554784
9554785,공통업무,"동남권조성반 2016년 8월 업무추진비 사용내역 공개 ",김종욱,동남권조성반,20160905144813,"공통업무>업무추진비 사용내역>업무추진비 사용내역>실국본부장, 4급이상 공무원이 장인 부서 및 기관의 업무추진비",2133-8270,"CC BY-NC-ND",http://opengov.seoul.go.kr/public/9554785
9554786,공통업무,"2016년8월 강서수도사업소 행정지원과 업무추진비(부서운영,정원가산)집행내역",정선이,행정지원과,20160905150850,"공통업무>업무추진비 사용내역>업무추진비 사용내역>실국본부장, 4급이상 공무원이 장인 부서 및 기관의 업무추진비",02-3146-3817,"CC BY-NC-ND",http://opengov.seoul.go.kr/public/9554786
9554787,공통업무,"2016년 8월 강서수도사압소 요금과 부서운영 업무추진비 집행내역",권계정,요금과,20160905151349,"공통업무>업무추진비 사용내역>업무추진비 사용내역>실국본부장, 4급이상 공무원이 장인 부서 및 기관의 업무추진비",3146-3882,"CC BY-NC-ND",http://opengov.seoul.go.kr/public/9554787
9554788,건강,"2016 대사증후군관리사업 현황 1분기 추진현황",조수경,보건의료정책과,20160905151605,"건강>건강관리>대사증후군 관리사업 계획>대사증후군 관리사업 계획 및 추진현황",2133-7527,"CC BY-ND",http://opengov.seoul.go.kr/public/9554788
9554789,공통업무,"2016년 8월 체육시설관리사업소 스포츠마케팅과 업무추진비",이봉헌,스포츠마케팅과,20160905153144,"공통업무>업무추진비 사용내역>업무추진비 사용내역>실국본부장, 4급이상 공무원이 장인 부서 및 기관의 업무추진비",02-2240-8713,"CC BY-NC-ND",http://opengov.seoul.go.kr/public/9554789
9554790,공통업무,"2016년 08월 강남수도사업소 급수운영과 부서운영업무추진비 집행내역 ",목명희,급수운영과,20160905154335,"공통업무>업무추진비 사용내역>업무추진비 사용내역>실국본부장, 4급이상 공무원이 장인 부서 및 기관의 업무추진비",02-3146-4842,"CC BY-NC-ND",http://opengov.seoul.go.kr/public/9554790
9554799,공통업무,"2016년 8월 교통방송 기획조정실 업무추진비 집행내역",이정선,기획조정실,20160905162457,"공통업무>업무추진비 사용내역>업무추진비 사용내역>실국본부장, 4급이상 공무원이 장인 부서 및 기관의 업무추진비",311-5226,"CC BY-NC-ND",http://opengov.seoul.go.kr/public/9554799
9554800,공통업무,"2016년 8월 중 서울소방학교 인재개발과 업무추진비 사용내역 ",이희곤,인재개발과,20160905162825,"공통업무>업무추진비 사용내역>업무추진비 사용내역>실국본부장, 4급이상 공무원이 장인 부서 및 기관의 업무추진비",02-2106-3712,"CC BY-NC-ND",http://opengov.seoul.go.kr/public/9554800
9554801,공통업무,"2016년 8월 동대문소방서 업무추진비 집행내역",김두일,소방행정과,20160905163645,"공통업무>업무추진비 사용내역>업무추진비 사용내역>실국본부장, 4급이상 공무원이 장인 부서 및 기관의 업무추진비",02-2243-0071,"CC BY-NC-ND",http://opengov.seoul.go.kr/public/9554801
9554802,건강,"2016년 농수산물 안전성 관리계획",홍민정,식품안전과,20160905170802,"건강>식생활 안전>농수산물 식품안전 종합대책>농수산물 안전관리 종합계획",2133-4736,"CC BY-NC-ND",http://opengov.seoul.go.kr/public/9554802
9554803,공통업무,"2016. 8월 용산소방서 업무추진비 집행내역",권오서,"용산소방서 ",20160905000000,"공통업무>업무추진비 사용내역>업무추진비 사용내역>실국본부장, 4급이상 공무원이 장인 부서 및 기관의 업무추진비",794-1190,"CC BY-NC-ND",http://opengov.seoul.go.kr/public/9554803
9554804,공통업무,"2016년 8월 에너지시민협력과 업무추진비 집행내역",장정인,에너지시민협력과,20160905172058,"공통업무>업무추진비 사용내역>업무추진비 사용내역>실국본부장, 4급이상 공무원이 장인 부서 및 기관의 업무추진비",2133-3585,"CC BY",http://opengov.seoul.go.kr/public/9554804
9554805,공통업무,"서울물연구원 수질분석부 업무추진비 공개(2016.08월) ",신동인,수질연구과,20160905172620,"공통업무>업무추진비 사용내역>업무추진비 사용내역>실국본부장, 4급이상 공무원이 장인 부서 및 기관의 업무추진비",02-3146-1733,"CC BY-NC-ND",http://opengov.seoul.go.kr/public/9554805
9554806,공통업무,"2016년 암사아리수정수센터 8월 업무추진비 공개",강수경,행정관리과,20160902000000,"공통업무>업무추진비 사용내역>업무추진비 사용내역>실국본부장, 4급이상 공무원이 장인 부서 및 기관의 업무추진비",02-3146-5723,"CC BY",http://opengov.seoul.go.kr/public/9554806
9554807,공통업무,"2016년 8월중 강남소방서 예방과 업무추진비 공개",김성숙,예방과,20160905174352,"공통업무>업무추진비 사용내역>업무추진비 사용내역>실국본부장, 4급이상 공무원이 장인 부서 및 기관의 업무추진비",02-568-1191,"CC BY-NC-ND",http://opengov.seoul.go.kr/public/9554807
9554808,공통업무,"2016년 8월 강서수도사업소 시설관리과 업무추진비 집행내역",김영화,시설관리과,20160905175452,"공통업무>업무추진비 사용내역>업무추진비 사용내역>실국본부장, 4급이상 공무원이 장인 부서 및 기관의 업무추진비",3146-3993,"CC BY-NC-ND",http://opengov.seoul.go.kr/public/9554808
9554809,공통업무,"계약심사과 업무추진비 집행내역(2016년8월)",심재봉,계약심사과,20160905180358,"공통업무>업무추진비 사용내역>업무추진비 사용내역>실국본부장, 4급이상 공무원이 장인 부서 및 기관의 업무추진비",2133-3305,"CC BY-NC-ND",http://opengov.seoul.go.kr/public/9554809
9554810,공통업무,"북부수도사업소 시설관리과 부서운영업무추진비(8월) 집행내역",박미정,시설관리과,20160905000000,"공통업무>업무추진비 사용내역>업무추진비 사용내역>실국본부장, 4급이상 공무원이 장인 부서 및 기관의 업무추진비",3146-3394,"CC BY-NC-ND",http://opengov.seoul.go.kr/public/9554810
9554811,공통업무,"2016년 8월 복지본부 어르신복지과 업무추진비 집행내역",양영,어르신복지과,20160905184706,"공통업무>업무추진비 사용내역>업무추진비 사용내역>실국본부장, 4급이상 공무원이 장인 부서 및 기관의 업무추진비",2133-7405,"CC BY-NC-ND",http://opengov.seoul.go.kr/public/9554811
9554812,공통업무,"2016년 8월 광진소방서 재난관리과 업무추진비 집행내역",조용성-22,재난관리과,20160905194059,"공통업무>업무추진비 사용내역>업무추진비 사용내역>실국본부장, 4급이상 공무원이 장인 부서 및 기관의 업무추진비",02-452-2008,"CC BY-NC-ND",http://opengov.seoul.go.kr/public/9554812
9554814,공통업무,"8월 부수운영업무추진비 사용내역 (서부수도사업소 현장민원과)",배미애,현장민원과,20160905201333,"공통업무>업무추진비 사용내역>업무추진비 사용내역>실국본부장, 4급이상 공무원이 장인 부서 및 기관의 업무추진비",3416-2402,"CC BY-NC-ND",http://opengov.seoul.go.kr/public/9554814
9554815,공통업무,"2016년 8월 남부수도사업소 행정지원과 업무추진비 집행내역",방수진,행정지원과,20160905202128,"공통업무>업무추진비 사용내역>업무추진비 사용내역>실국본부장, 4급이상 공무원이 장인 부서 및 기관의 업무추진비",02-3146-4412,"CC BY-NC-ND",http://opengov.seoul.go.kr/public/9554815
9554816,공통업무,"2016년 8월 주택건축국 공동주택과 업무추진비 집행내역",이학천,공동주택과,20160906030215,"공통업무>업무추진비 사용내역>업무추진비 사용내역>실국본부장, 4급이상 공무원이 장인 부서 및 기관의 업무추진비",2133-7134,"CC BY",http://opengov.seoul.go.kr/public/9554816
9554817,공통업무,"2016년 8월 서울종합방재센터 종합상황실 업무추진비 집행내역",김정희,종합상황실,20160906093502,"공통업무>업무추진비 사용내역>업무추진비 사용내역>실국본부장, 4급이상 공무원이 장인 부서 및 기관의 업무추진비",726-2015,"CC BY-NC-ND",http://opengov.seoul.go.kr/public/9554817
9554819,공통업무,"2016년 8월 영등포아리수정수센터 행정관리과 업무추진비 사용내역",남상규,행정관리과,20160906094848,"공통업무>업무추진비 사용내역>업무추진비 사용내역>실국본부장, 4급이상 공무원이 장인 부서 및 기관의 업무추진비",3146-5612,"CC BY-NC-ND",http://opengov.seoul.go.kr/public/9554819
9554820,공통업무,"2016년 8월 토지관리과 업무추진비 집행내역",최문경,토지관리과,20160906100113,"공통업무>업무추진비 사용내역>업무추진비 사용내역>실국본부장, 4급이상 공무원이 장인 부서 및 기관의 업무추진비",2133-4665,"CC BY-NC-ND",http://opengov.seoul.go.kr/public/9554820
9554821,공통업무,"2016년 8월 푸른도시국 공원조성과 업무추진비 집행내역",윤숙연,공원조성과,20160906101200,"공통업무>업무추진비 사용내역>업무추진비 사용내역>실국본부장, 4급이상 공무원이 장인 부서 및 기관의 업무추진비",21332055,"CC BY-NC-ND",http://opengov.seoul.go.kr/public/9554821
9554822,공통업무,"2016.8월중 도봉소방서 업무추진비 사용내역 ",김재성,"도봉소방서 소방행정과",20160906111853,"공통업무>업무추진비 사용내역>업무추진비 사용내역>실국본부장, 4급이상 공무원이 장인 부서 및 기관의 업무추진비",02-2215-5521,"CC BY-NC-ND",http://opengov.seoul.go.kr/public/9554822
9554823,공통업무,"평생교육정책관 청소년담당관 업무추진비 사용내역 공개(2016. 8월)",문선경,청소년담당관,20160906111929,"공통업무>업무추진비 사용내역>업무추진비 사용내역>실국본부장, 4급이상 공무원이 장인 부서 및 기관의 업무추진비",02-2133-4115,"CC BY-NC-ND",http://opengov.seoul.go.kr/public/9554823
9554824,공통업무,"8월분 서울대공원 업무추진비 자료 공개",심상운,총무과,20160906000000,"공통업무>업무추진비 사용내역>업무추진비 사용내역>실국본부장, 4급이상 공무원이 장인 부서 및 기관의 업무추진비",500-7212,"CC BY-ND",http://opengov.seoul.go.kr/public/9554824
9554825,공통업무,"2016년 8월 서울시립과학관 총무과 업무추진비 집행내역",이혜린,"서울시립과학관 총무과",20160906112609,"공통업무>업무추진비 사용내역>업무추진비 사용내역>실국본부장, 4급이상 공무원이 장인 부서 및 기관의 업무추진비",02-970-4523,"CC BY-NC-ND",http://opengov.seoul.go.kr/public/9554825
9570640,공통업무,"2016년 8월 양천소방서 업무추진비 사용내역",강정일,소방행정과,20160906133402,"공통업무>업무추진비 사용내역>업무추진비 사용내역>실국본부장, 4급이상 공무원이 장인 부서 및 기관의 업무추진비",2651-7384,"CC BY-NC-ND",http://opengov.seoul.go.kr/public/9570640
9570641,공통업무,"2016년 8월 시의회사무처 도시안전건설전문위원실 업무추진비 집행내역 ",김혜영,도시안전건설전문위원실,20160906133817,"공통업무>업무추진비 사용내역>업무추진비 사용내역>실국본부장, 4급이상 공무원이 장인 부서 및 기관의 업무추진비",02-3705-1120,"CC BY-NC-ND",http://opengov.seoul.go.kr/public/9570641
9570642,공통업무,"2016년 8월 서울소방학교(구조구급교육센터) 업무추진비 집행내역",박대준,"서울소방학교 구조구급교육센터",20160906000000,"공통업무>업무추진비 사용내역>업무추진비 사용내역>실국본부장, 4급이상 공무원이 장인 부서 및 기관의 업무추진비",02-2106-3765,"CC BY-NC-ND",http://opengov.seoul.go.kr/public/9570642
9570643,공통업무,"2016년 8월 기획조정실 공기업담당관 업무추진비 집행내역",박정훈,공기업담당관,20160906143900,"공통업무>업무추진비 사용내역>업무추진비 사용내역>실국본부장, 4급이상 공무원이 장인 부서 및 기관의 업무추진비",2133-6774,"CC BY-NC-ND",http://opengov.seoul.go.kr/public/9570643
9570644,공통업무,"2016년 8월 중부소방서 업무추진비 집행내역",형진영,소방행정과,20160906145524,"공통업무>업무추진비 사용내역>업무추진비 사용내역>실국본부장, 4급이상 공무원이 장인 부서 및 기관의 업무추진비",2238-0119,"CC BY-NC-ND",http://opengov.seoul.go.kr/public/9570644
9570645,공통업무,"2016. 8월 문화본부 문화정책과 업무추진비 집행내역",김수현,문화정책과,20160906150938,"공통업무>업무추진비 사용내역>업무추진비 사용내역>실국본부장, 4급이상 공무원이 장인 부서 및 기관의 업무추진비",2133-2514,"CC BY-NC-ND",http://opengov.seoul.go.kr/public/9570645
9571679,공통업무,"2016년8월 도시재생본부 공공재생과 업무추진비 사용내역",김아영,공공재생과,20160906154603,"공통업무>업무추진비 사용내역>업무추진비 사용내역>실국본부장, 4급이상 공무원이 장인 부서 및 기관의 업무추진비",02-2133-8645,"CC BY-ND",http://opengov.seoul.go.kr/public/9571679
9571680,공통업무,"2016년 8월 지역발전본부 서남권사업과 업무추진비 집행내역",설은주,서남권사업과,20160906160016,"공통업무>업무추진비 사용내역>업무추진비 사용내역>실국본부장, 4급이상 공무원이 장인 부서 및 기관의 업무추진비",21331515,"CC BY-NC-ND",http://opengov.seoul.go.kr/public/9571680
9571681,공통업무,"2016년 8월 도로관리과 업무추진비 집행 내역",용선란-2,도로관리과,20160906163034,"공통업무>업무추진비 사용내역>업무추진비 사용내역>실국본부장, 4급이상 공무원이 장인 부서 및 기관의 업무추진비",2133-8182,"CC BY-NC",http://opengov.seoul.go.kr/public/9571681
9571682,공통업무,"마포소방서 8월 업무추진비 공개",김건우,소방행정과,20160906163632,"공통업무>업무추진비 사용내역>업무추진비 사용내역>실국본부장, 4급이상 공무원이 장인 부서 및 기관의 업무추진비",02-701-3490,"CC BY-NC-ND",http://opengov.seoul.go.kr/public/9571682
9571683,공통업무,"2016년 8월 푸른도시국 산지방재과 업무추진비 집행내역",허현일,산지방재과,20160906164013,"공통업무>업무추진비 사용내역>업무추진비 사용내역>실국본부장, 4급이상 공무원이 장인 부서 및 기관의 업무추진비",2133-2175,"CC BY-ND",http://opengov.seoul.go.kr/public/9571683
9571684,공통업무,"2016년 8월 중랑소방서 업무추진비 집행내역",서상호,소방행정과,20160906171002,"공통업무>업무추진비 사용내역>업무추진비 사용내역>실국본부장, 4급이상 공무원이 장인 부서 및 기관의 업무추진비",02-3423-0324,"CC BY",http://opengov.seoul.go.kr/public/9571684
9571685,공통업무,"2016년 8월 동작소방서 업무추진비 집행내역",강기홍,소방행정과,20160906171120,"공통업무>업무추진비 사용내역>업무추진비 사용내역>실국본부장, 4급이상 공무원이 장인 부서 및 기관의 업무추진비",02-841-3119,"CC BY-NC-ND",http://opengov.seoul.go.kr/public/9571685
9571686,공통업무,"2016년 8월 북부도로사업소 업무추진비 집행내역",김화영,관리단속과,20160906172838,"공통업무>업무추진비 사용내역>업무추진비 사용내역>실국본부장, 4급이상 공무원이 장인 부서 및 기관의 업무추진비",02-944-5411,"CC BY-NC-ND",http://opengov.seoul.go.kr/public/9571686
9571687,공통업무,"2016년 8월 소방재난본부 소방감사담당관 업무추진비 집행내역",박정하,소방감사담당관,20160906173707,"공통업무>업무추진비 사용내역>업무추진비 사용내역>실국본부장, 4급이상 공무원이 장인 부서 및 기관의 업무추진비",3706-1813,"CC BY-NC-ND",http://opengov.seoul.go.kr/public/9571687
9571688,공통업무,"2016년 8월 북부수도사업소 행정지원과 업무추진비 집행내역",옥혜경,행정지원과,20160906000000,"공통업무>업무추진비 사용내역>업무추진비 사용내역>실국본부장, 4급이상 공무원이 장인 부서 및 기관의 업무추진비",3146-3213,"CC BY-NC-ND",http://opengov.seoul.go.kr/public/9571688
9571689,공통업무,"2016년 8월 광진소방서 업무추진비 집행내역",우병일,소방행정과,20160906000000,"공통업무>업무추진비 사용내역>업무추진비 사용내역>실국본부장, 4급이상 공무원이 장인 부서 및 기관의 업무추진비",02-430-7119,"CC BY-NC-ND",http://opengov.seoul.go.kr/public/9571689
9571690,공통업무,"경제진흥본부 투자유치과 2016년 8월 업무추진비 집행내역",남영은,투자유치과,20160906183821,"공통업무>업무추진비 사용내역>업무추진비 사용내역>실국본부장, 4급이상 공무원이 장인 부서 및 기관의 업무추진비",2133-5326,"CC BY-NC-ND",http://opengov.seoul.go.kr/public/9571690
9571691,공통업무,"2016년 8월 도시계획국 도시계획과 업무추진비 집행내역",김슬기,도시계획과,20160906192551,"공통업무>업무추진비 사용내역>업무추진비 사용내역>실국본부장, 4급이상 공무원이 장인 부서 및 기관의 업무추진비",2133-8308,"CC BY-NC-ND",http://opengov.seoul.go.kr/public/9571691
9571692,공통업무,"2016년  8월 도시기반시설본부 도시철도설비부 업무추진비 집행내역",서영아,도시철도설비부,20160906203126,"공통업무>업무추진비 사용내역>업무추진비 사용내역>실국본부장, 4급이상 공무원이 장인 부서 및 기관의 업무추진비",772-7276,"CC BY-ND",http://opengov.seoul.go.kr/public/9571692
9571695,공통업무,"재정관리담당관 업무추진비 공개(8월)",김수희,재정관리담당관,20160907090029,"공통업무>업무추진비 사용내역>업무추진비 사용내역>실국본부장, 4급이상 공무원이 장인 부서 및 기관의 업무추진비",2133-6865,"CC BY-ND",http://opengov.seoul.go.kr/public/9571695
9571696,공통업무,"재정괸리담당관 법인카드 사용 내역 공개(8월)",김수희,재정관리담당관,20160907090141,"공통업무>업무추진비 사용내역>업무추진비 사용내역>실국본부장, 4급이상 공무원이 장인 부서 및 기관의 업무추진비",2133-6865,"CC BY-ND",http://opengov.seoul.go.kr/public/9571696
9571697,공통업무,"2016년 8월 서부공원녹지사업소 업무추진비 및 공원운영과 업무추진비 공개",강희경,공원운영과,20160907000000,"공통업무>업무추진비 사용내역>업무추진비 사용내역>실국본부장, 4급이상 공무원이 장인 부서 및 기관의 업무추진비",300-5518,"CC BY-NC-ND",http://opengov.seoul.go.kr/public/9571697
9571698,공통업무,"2016년 8월 교통방송 보도국 업무추진비 사용내역",강세영,보도국,20160907092436,"공통업무>업무추진비 사용내역>업무추진비 사용내역>실국본부장, 4급이상 공무원이 장인 부서 및 기관의 업무추진비",02-311-5352,"CC BY",http://opengov.seoul.go.kr/public/9571698
9571699,공통업무,"2016년 8월 체육시설관리사업소 시설개선과 부서업무추진비 집행내역",탁현수,시설개선과,20160907095523,"공통업무>업무추진비 사용내역>업무추진비 사용내역>실국본부장, 4급이상 공무원이 장인 부서 및 기관의 업무추진비",02-2240-8819,"CC BY-NC-ND",http://opengov.seoul.go.kr/public/9571699
9571700,공통업무,"2016년 8월 강북아리수정수센터 행정관리과 업무추진비 집행내역 ",김금옥,행정관리과,20160907000000,"공통업무>업무추진비 사용내역>업무추진비 사용내역>실국본부장, 4급이상 공무원이 장인 부서 및 기관의 업무추진비",3146-5817,"CC BY-ND",http://opengov.seoul.go.kr/public/9571700
9571701,공통업무,"2016.8월 도시기반시설본부 도시철도사업부 업무추진비 집행내역 ",전영숙,도시철도사업부,20160907101416,"공통업무>업무추진비 사용내역>업무추진비 사용내역>실국본부장, 4급이상 공무원이 장인 부서 및 기관의 업무추진비",772-7166,"CC BY-NC-ND",http://opengov.seoul.go.kr/public/9571701
9571702,공통업무,"2016년 8월 보건의료정책과 업무추진비 사용내역 공개",이수진,보건의료정책과,20160907103305,"공통업무>업무추진비 사용내역>업무추진비 사용내역>실국본부장, 4급이상 공무원이 장인 부서 및 기관의 업무추진비",2133-7513,"CC BY-NC-ND",http://opengov.seoul.go.kr/public/9571702
9571704,행정,"서울시 대학생 학자금대출 이자지원 현황",최재용,청년정책담당관,20160907103641,"행정>장학사업>장학사업 추진현황>대학생 학자금 대출이자 지원현황",02-2133-6587,"CC BY-NC-ND",http://opengov.seoul.go.kr/public/9571704
9571705,공통업무,"2016년 8월 재무국 자산관리과 업무추진비 집행내역 공개",김영,자산관리과,20160907110614,"공통업무>업무추진비 사용내역>업무추진비 사용내역>실국본부장, 4급이상 공무원이 장인 부서 및 기관의 업무추진비",02-2133-3278,"CC BY-NC-ND",http://opengov.seoul.go.kr/public/9571705
9571706,공통업무,"2016년 8월 체육시설관리사업소 운영기획과 업무추진비 집행내역 공개",김은미,운영기획과,20160907111415,"공통업무>업무추진비 사용내역>업무추진비 사용내역>실국본부장, 4급이상 공무원이 장인 부서 및 기관의 업무추진비",02-2240-8750,"CC BY-NC-ND",http://opengov.seoul.go.kr/public/9571706
9571707,공통업무,"품질시험소 업무추진비 집행내역(8월분)",성윤희,총무과,20160907112019,"공통업무>업무추진비 사용내역>업무추진비 사용내역>실국본부장, 4급이상 공무원이 장인 부서 및 기관의 업무추진비",3462-4355,"CC BY-NC-ND",http://opengov.seoul.go.kr/public/9571707
9571708,공통업무,"2016년 8월 보건환경연구원 축산물부 부서운영 업무추진비 집행내역",이은형,축산물부,20160907112507,"공통업무>업무추진비 사용내역>업무추진비 사용내역>실국본부장, 4급이상 공무원이 장인 부서 및 기관의 업무추진비",570-3236,"CC BY-NC-ND",http://opengov.seoul.go.kr/public/9571708
9586004,공통업무,"8월 독산119안전센터 기관운영업무추진비 내역",이정환,독산119안전센터,20160907124358,"공통업무>업무추진비 사용내역>업무추진비 사용내역>실국본부장, 4급이상 공무원이 장인 부서 및 기관의 업무추진비",869-1119,"CC BY-NC-ND",http://opengov.seoul.go.kr/public/9586004
9586005,공통업무,"8월 독산119안전센터 기관운영업무추진비 내역(수정)",이정환,독산119안전센터,20160907124622,"공통업무>업무추진비 사용내역>업무추진비 사용내역>실국본부장, 4급이상 공무원이 장인 부서 및 기관의 업무추진비",869-1119,"CC BY-NC-ND",http://opengov.seoul.go.kr/public/9586005
9586006,공통업무,"2016년 8월 서울물연구원 수도연구부 업무추진비 집행내역 ",이향연,수처리연구과,20160907135714,"공통업무>업무추진비 사용내역>업무추진비 사용내역>실국본부장, 4급이상 공무원이 장인 부서 및 기관의 업무추진비",0231461808,"CC BY-NC-ND",http://opengov.seoul.go.kr/public/9586006
9586007,공통업무,"2016.08월  강남수도사업소 행정지원과 부서운영비 집행내역",정유정,행정지원과,20160907141442,"공통업무>업무추진비 사용내역>업무추진비 사용내역>실국본부장, 4급이상 공무원이 장인 부서 및 기관의 업무추진비",3146-4720,"CC BY-NC-ND",http://opengov.seoul.go.kr/public/9586007
9586008,공통업무,"2016년 8월 서부수도사업소 행정지원과 업무추진비 집행 내역",안현숙,행정지원과,20160907143833,"공통업무>업무추진비 사용내역>업무추진비 사용내역>실국본부장, 4급이상 공무원이 장인 부서 및 기관의 업무추진비",02)3146-3516,"CC BY-NC-ND",http://opengov.seoul.go.kr/public/9586008
9586009,공통업무,"2016년 8월 교통운영과 업무추진비 집행내역 ",김은영,교통운영과,20160907144624,"공통업무>업무추진비 사용내역>업무추진비 사용내역>실국본부장, 4급이상 공무원이 장인 부서 및 기관의 업무추진비",2133-2459,"CC BY",http://opengov.seoul.go.kr/public/9586009
9586993,세금재정,"2016년 상반기 서울시 민관협력 업무협약(MOU) 체결현황",서지영,민관협력담당관,20160907153459,"세금재정>재정>민관협력을 통한 MOU체결>민관협력을 위한 협약서 체결 현황",02-2133-6569,"CC BY",http://opengov.seoul.go.kr/public/9586993
9586994,공통업무,"신속행정담당관 2016년 8월 업무추진비 집행내역",김동필,신속행정담당관,20160907153556,"공통업무>업무추진비 사용내역>업무추진비 사용내역>실국본부장, 4급이상 공무원이 장인 부서 및 기관의 업무추진비",2133-4244,"CC BY",http://opengov.seoul.go.kr/public/9586994
9586995,공통업무,"2016년 8월 정보기획관데이터센터 업무추진비 집행내역",김정수,기획관리과,20160907160859,"공통업무>업무추진비 사용내역>업무추진비 사용내역>실국본부장, 4급이상 공무원이 장인 부서 및 기관의 업무추진비",3470-1454,"CC BY-NC-ND",http://opengov.seoul.go.kr/public/9586995
9586996,공통업무,"2016년 8월 영등포소방서 업무추진비 집행내역",차건희,소방행정과,20160907162746,"공통업무>업무추진비 사용내역>업무추진비 사용내역>실국본부장, 4급이상 공무원이 장인 부서 및 기관의 업무추진비",02-2678-4704,"CC BY-NC-ND",http://opengov.seoul.go.kr/public/9586996
9586997,공통업무,"2016년 8월 도시교통본부 보행정책과 업무추진비 집행내역",박상은,서울역일대종합발전기획단,20160907164621,"공통업무>업무추진비 사용내역>업무추진비 사용내역>실국본부장, 4급이상 공무원이 장인 부서 및 기관의 업무추진비",2133-8692,"CC BY-NC-ND",http://opengov.seoul.go.kr/public/9586997
9586998,공통업무,"2016년 8월 서울혁신기획관 청년정책담당관 업무추진비 집행내역",이미현,청년정책담당관,20160907000000,"공통업무>업무추진비 사용내역>업무추진비 사용내역>실국본부장, 4급이상 공무원이 장인 부서 및 기관의 업무추진비",02-2133-6580,"CC BY-NC-ND",http://opengov.seoul.go.kr/public/9586998
9586999,공통업무,"2016년 8월 납부수도사업소 요금과 업무추진비 집행내역",김영미,요금과,20160907165207,"공통업무>업무추진비 사용내역>업무추진비 사용내역>실국본부장, 4급이상 공무원이 장인 부서 및 기관의 업무추진비",3146-4483,"CC BY-NC-ND",http://opengov.seoul.go.kr/public/9586999
9587000,공통업무,"2016년 송파소방서 8월 업무추진비 집행내역",김규태,소방행정과,20160907171044,"공통업무>업무추진비 사용내역>업무추진비 사용내역>실국본부장, 4급이상 공무원이 장인 부서 및 기관의 업무추진비",02-430-7119,"CC BY-NC-ND",http://opengov.seoul.go.kr/public/9587000
9587001,공통업무,"2016년 8월 정보기획관 통계데이터담당관 업무추진비 공개",한명화,통계데이터담당관,20160907173510,"공통업무>업무추진비 사용내역>업무추진비 사용내역>실국본부장, 4급이상 공무원이 장인 부서 및 기관의 업무추진비",2133-4267,"CC BY-NC-ND",http://opengov.seoul.go.kr/public/9587001
9587002,환경,"2016년 추석 연휴 청소대책",김동호,생활환경과,20160907174349,"환경>생활환경 관리>청소종합대책>계절별, 명절 등 청소종합대책",2133-3733,"CC BY-NC-ND",http://opengov.seoul.go.kr/public/9587002
9587003,공통업무,"2016년 8월 재무국 재무과 업무추진비 집행내역",김권일,재무과,20160907174912,"공통업무>업무추진비 사용내역>업무추진비 사용내역>실국본부장, 4급이상 공무원이 장인 부서 및 기관의 업무추진비",02-2133-3215,"CC BY-NC-ND",http://opengov.seoul.go.kr/public/9587003
9587004,공통업무,"서부공원녹지사업소 공원여가과 업무추진비 공개(8월)",천영자,공원여가과,20160907175141,"공통업무>업무추진비 사용내역>업무추진비 사용내역>실국본부장, 4급이상 공무원이 장인 부서 및 기관의 업무추진비",02)300-5571,"CC BY-NC-ND",http://opengov.seoul.go.kr/public/9587004
9587005,공통업무,"2016년 8월 사회혁신담당관 업무추진비 사용내역",노태형,사회혁신담당관,20160907175707,"공통업무>업무추진비 사용내역>업무추진비 사용내역>실국본부장, 4급이상 공무원이 장인 부서 및 기관의 업무추진비",2133-6309,"CC BY-NC-ND",http://opengov.seoul.go.kr/public/9587005
9587006,공통업무,"2016년 8월 재무국 38세금징수과 업무추진비 집행내역 공개",민병혁,38세금징수과,20160907180315,"공통업무>업무추진비 사용내역>업무추진비 사용내역>실국본부장, 4급이상 공무원이 장인 부서 및 기관의 업무추진비",2133-3456,"CC BY-NC-ND",http://opengov.seoul.go.kr/public/9587006
9587007,공통업무,"어린이병원 약제과 2016. 8. 업무추진비 사용내역",정향,약제과,20160907184929,"공통업무>업무추진비 사용내역>업무추진비 사용내역>실국본부장, 4급이상 공무원이 장인 부서 및 기관의 업무추진비",02-570-8053,"CC BY-NC-ND",http://opengov.seoul.go.kr/public/9587007
9587008,공통업무,"2016년 8월 운영전문위원실 시책추진비 집행내역 공개",이범일,운영전문위원실,20160907222855,"공통업무>업무추진비 사용내역>업무추진비 사용내역>실국본부장, 4급이상 공무원이 장인 부서 및 기관의 업무추진비",3702-1229,"CC BY-NC-ND",http://opengov.seoul.go.kr/public/9587008
9587009,공통업무,"2016.8월 서울특별시의회 의정담당관 업무추진비 공개",오주석,의정담당관,20160907000000,"공통업무>업무추진비 사용내역>업무추진비 사용내역>실국본부장, 4급이상 공무원이 장인 부서 및 기관의 업무추진비",3702-1248,"CC BY-NC-ND",http://opengov.seoul.go.kr/public/9587009
9587010,공통업무,"기획담당관 업무추진비 집행내역(2016.8월)",노지현,기획담당관,20160907233923,"공통업무>업무추진비 사용내역>업무추진비 사용내역>실국본부장, 4급이상 공무원이 장인 부서 및 기관의 업무추진비",2133-6617,"CC BY-NC-ND",http://opengov.seoul.go.kr/public/9587010
9587011,공통업무,"2016년 8월 광진소방서 현장대응단 업무추진비 집행내역",손영준,"광진소방서 현장대응단",20160908083153,"공통업무>업무추진비 사용내역>업무추진비 사용내역>실국본부장, 4급이상 공무원이 장인 부서 및 기관의 업무추진비",024550119,"CC BY-NC-ND",http://opengov.seoul.go.kr/public/9587011
9587012,공통업무,"2016년 8월 도시교통본부 자전거정책과 업무추진비 사용내역",주우민,자전거정책과,20160908092916,"공통업무>업무추진비 사용내역>업무추진비 사용내역>실국본부장, 4급이상 공무원이 장인 부서 및 기관의 업무추진비",2133-2753,"CC BY-ND",http://opengov.seoul.go.kr/public/9587012
9587013,공통업무,"2016년 8월 시의회사무처 의사담당관 업무추진비 집행내역",이재승,의사담당관,20160908093304,"공통업무>업무추진비 사용내역>업무추진비 사용내역>실국본부장, 4급이상 공무원이 장인 부서 및 기관의 업무추진비",02-3702-1280,"CC BY-NC-ND",http://opengov.seoul.go.kr/public/9587013
9587014,공통업무,"2016년 8월 중랑물재생센터 업무추진비 등록",이현일,관리과,20160908093325,"공통업무>업무추진비 사용내역>업무추진비 사용내역>실국본부장, 4급이상 공무원이 장인 부서 및 기관의 업무추진비",2211-2517,"CC BY-NC-ND",http://opengov.seoul.go.kr/public/9587014
9587015,공통업무,"2016년 8월 도시기반시설본부 시설국 토목부 업무추진비 집행내역",남궁혜진,토목부,20160908093518,"공통업무>업무추진비 사용내역>업무추진비 사용내역>실국본부장, 4급이상 공무원이 장인 부서 및 기관의 업무추진비",02-3708-2550,"CC BY-NC-ND",http://opengov.seoul.go.kr/public/9587015
9587016,공통업무," 2016. 8월 시립미술관 경영지원부 총무과 업무추진비 집행내역  ",송혜정,총무과,20160908100918,"공통업무>업무추진비 사용내역>업무추진비 사용내역>실국본부장, 4급이상 공무원이 장인 부서 및 기관의 업무추진비",02-2124-8817,"CC BY-NC-ND",http://opengov.seoul.go.kr/public/9587016
9587017,공통업무,"2016년 8월 서울물연구원 미래전략연구센터 업무추진비 사용내역",이상효,연구기획과,20160908101206,"공통업무>업무추진비 사용내역>업무추진비 사용내역>실국본부장, 4급이상 공무원이 장인 부서 및 기관의 업무추진비",02-3146-1875,"CC BY-NC-ND",http://opengov.seoul.go.kr/public/9587017
9587018,환경,"에코스쿨 조성",조현,조경과,20160908000000,"환경>도시녹화>도시녹화 추진현황>에코스쿨 조성사업",2133-2120,"CC BY-NC-ND",http://opengov.seoul.go.kr/public/9587018
9587019,환경,"아파트 열린녹지 조성",조현,조경과,20160908000000,"환경>도시녹화>도시녹화 추진현황>아파트 열린녹지 조성",2133-2120,"CC BY-NC-ND",http://opengov.seoul.go.kr/public/9587019
9587020,환경,"도시녹화(녹지활용계약 쉼터) 조성",조현,조경과,20160908102241,"환경>도시녹화>도시녹화 추진현황>도시녹화(녹지활용계약 주민쉼터) 조성",2133-2120,"CC BY-NC-ND",http://opengov.seoul.go.kr/public/9587020
9587021,공통업무,"2016년 8월 남부수도사업소 시설관리과 집행내역",박창남,시설관리과,20160908103240,"공통업무>업무추진비 사용내역>업무추진비 사용내역>실국본부장, 4급이상 공무원이 장인 부서 및 기관의 업무추진비",3146-4594,"CC BY-NC-ND",http://opengov.seoul.go.kr/public/9587021
9587022,공통업무,"2016년 8월 감사위원회 안전감사담당관 업무추진비 집행내역",유동선,안전감사담당관,20160908103639,"공통업무>업무추진비 사용내역>업무추진비 사용내역>실국본부장, 4급이상 공무원이 장인 부서 및 기관의 업무추진비",2133-3056,"CC BY-NC-ND",http://opengov.seoul.go.kr/public/9587022
9587023,공통업무,"2016년 8월 남부수도사업소 현장민원과 업무추진비 집행내역",이향옥,현장민원과,20160908110215,"공통업무>업무추진비 사용내역>업무추진비 사용내역>실국본부장, 4급이상 공무원이 장인 부서 및 기관의 업무추진비",02-3146-2552,"CC BY-NC-ND",http://opengov.seoul.go.kr/public/9587023
9599601,공통업무,"2016년 8월 경제진흥본부 문화융합경제과 업무추진비 집행내역",유연숙,문화융합경제과,20160908114917,"공통업무>업무추진비 사용내역>업무추진비 사용내역>실국본부장, 4급이상 공무원이 장인 부서 및 기관의 업무추진비",2133-2585,"CC BY-NC-ND",http://opengov.seoul.go.kr/public/9599601
9599602,공통업무,"2016년8월 복지본부 희망복지지원과 업무추진비 집행내역",류인,희망복지지원과,20160908133534,"공통업무>업무추진비 사용내역>업무추진비 사용내역>실국본부장, 4급이상 공무원이 장인 부서 및 기관의 업무추진비",2133-7377,"CC BY-NC-ND",http://opengov.seoul.go.kr/public/9599602
9599603,공통업무,"2016년8월 도시빛정책과 업무추진비 집행내역 ",서영아-22,도시빛정책과,20160908134603,"공통업무>업무추진비 사용내역>업무추진비 사용내역>실국본부장, 4급이상 공무원이 장인 부서 및 기관의 업무추진비",2133-1926,"CC BY-NC-ND",http://opengov.seoul.go.kr/public/9599603
9599604,공통업무,"2016. 8월 감사위원회 감사담당관 업무추진비 집행내역",김분년,감사담당관,20160908135520,"공통업무>업무추진비 사용내역>업무추진비 사용내역>실국본부장, 4급이상 공무원이 장인 부서 및 기관의 업무추진비",2133-3021,"CC BY-NC-ND",http://opengov.seoul.go.kr/public/9599604
9599605,공통업무,"2016년 8월 평생교육정책관 평생교육담당관 업무추진비 집행내역 공개",윤선희,평생교육담당관,20160908140535,"공통업무>업무추진비 사용내역>업무추진비 사용내역>실국본부장, 4급이상 공무원이 장인 부서 및 기관의 업무추진비",02-2133-3965,"CC BY-NC-ND",http://opengov.seoul.go.kr/public/9599605
9599606,공통업무,"2016년 8월 종로소방서 업무추진비 사용내역",한희준,소방행정과,20160908141800,"공통업무>업무추진비 사용내역>업무추진비 사용내역>실국본부장, 4급이상 공무원이 장인 부서 및 기관의 업무추진비",02-732-0109,"CC BY-NC-ND",http://opengov.seoul.go.kr/public/9599606
9599607,공통업무,"2016년 8월 친환경급식담당관 업무추진비 집행내역",박명호,친환경급식담당관,20160908141855,"공통업무>업무추진비 사용내역>업무추진비 사용내역>실국본부장, 4급이상 공무원이 장인 부서 및 기관의 업무추진비",2133-4144,"CC BY-NC-ND",http://opengov.seoul.go.kr/public/9599607
9599608,공통업무,"서울소방학교 소방과학연구센터 2016년 7월 부서운영업무추진비",유기운,소방과학연구센터,20160908143658,"공통업무>업무추진비 사용내역>업무추진비 사용내역>실국본부장, 4급이상 공무원이 장인 부서 및 기관의 업무추진비",2106-3654,"CC BY-NC-ND",http://opengov.seoul.go.kr/public/9599608
9599609,환경,"서울특별시 보호수 현황(2016년 1월 기준)",이진범,조경과,20160908000000,"환경>도시녹화>가로수, 보호수 관리현황>보호수 지정, 해제, 관리",2133-2124,"CC BY-NC-ND",http://opengov.seoul.go.kr/public/9599609
9599610,공통업무,"서울소방학교 소방과학연구센터 2016년 8월 부서운영 업무추진비",유기운,소방과학연구센터,20160908144010,"공통업무>업무추진비 사용내역>업무추진비 사용내역>실국본부장, 4급이상 공무원이 장인 부서 및 기관의 업무추진비",2106-3654,"CC BY-NC-ND",http://opengov.seoul.go.kr/public/9599610
9599611,공통업무,"93강북 업무추진비 사용내역(8월)",윤순진,"강북소방서 소방행정과",20160908151103,"공통업무>업무추진비 사용내역>업무추진비 사용내역>실국본부장, 4급이상 공무원이 장인 부서 및 기관의 업무추진비",01077118597,"CC BY-NC-ND",http://opengov.seoul.go.kr/public/9599611
9599612,공통업무,"2016년 08월 남부도로사업소 업무추진비 집행내역",백미영,관리단속과,20160908151849,"공통업무>업무추진비 사용내역>업무추진비 사용내역>실국본부장, 4급이상 공무원이 장인 부서 및 기관의 업무추진비",02-3284-5417,"CC BY-NC-ND",http://opengov.seoul.go.kr/public/9599612
9600650,공통업무,"도시교통본부 버스정책과 업무추진비 내역 공개('16.8월)",윤민화,버스정책과,20160908153519,"공통업무>업무추진비 사용내역>업무추진비 사용내역>실국본부장, 4급이상 공무원이 장인 부서 및 기관의 업무추진비",2133-2264,"CC BY",http://opengov.seoul.go.kr/public/9600650
9600651,환경,"아리수  체험투어",정수형,홍보과,20160908154043,"환경>상수도>아리수 사랑 체험투어>아리수 사랑 체험투어",3146-1214,"CC BY",http://opengov.seoul.go.kr/public/9600651
9600652,환경,"찾아가는 수도 교실 운영",정수형,홍보과,20160908154454,"환경>상수도>찾아가는 수도교실>찾아가는 수도교실",3146-1214,"CC BY",http://opengov.seoul.go.kr/public/9600652
9600653,공통업무,"2016년 8월 서부도로사업소 업무추진비 집행내역",이숙영,관리단속과,20160908160209,"공통업무>업무추진비 사용내역>업무추진비 사용내역>실국본부장, 4급이상 공무원이 장인 부서 및 기관의 업무추진비",02-300-8310,"CC BY-NC-ND",http://opengov.seoul.go.kr/public/9600653
9600654,공통업무,"인재개발원 인재채용과 2016년 8월 업무추진비 내역 공개",권미영,인재채용과,20160908160300,"공통업무>업무추진비 사용내역>업무추진비 사용내역>실국본부장, 4급이상 공무원이 장인 부서 및 기관의 업무추진비",3488-2313,"CC BY-NC-ND",http://opengov.seoul.go.kr/public/9600654
9600655,공통업무,"2016년 8월 어린이병원 간호부 업무추진비",이경희,간호부,20160908162048,"공통업무>업무추진비 사용내역>업무추진비 사용내역>실국본부장, 4급이상 공무원이 장인 부서 및 기관의 업무추진비",02-570-8303,"CC BY-NC-ND",http://opengov.seoul.go.kr/public/9600655
9600656,공통업무,"2016년 8월 중부수도사업소 업무추진비 집행내역",원수연,행정지원과,20160908164556,"공통업무>업무추진비 사용내역>업무추진비 사용내역>실국본부장, 4급이상 공무원이 장인 부서 및 기관의 업무추진비",02-3146-2013,"CC BY-NC-ND",http://opengov.seoul.go.kr/public/9600656
9600657,공통업무,"2016년 8월 서울역사박물관 업무추진비 사용내역 공개",탁은숙,총무과,20160908165800,"공통업무>업무추진비 사용내역>업무추진비 사용내역>실국본부장, 4급이상 공무원이 장인 부서 및 기관의 업무추진비",724-0115,"CC BY-NC",http://opengov.seoul.go.kr/public/9600657
9600658,공통업무,"2016년 8월 환경정책과 업무추진비 사용내역 공개",송진우,환경정책과,20160908170925,"공통업무>업무추진비 사용내역>업무추진비 사용내역>실국본부장, 4급이상 공무원이 장인 부서 및 기관의 업무추진비",02-2133-3515,"CC BY-NC-ND",http://opengov.seoul.go.kr/public/9600658
9600659,공통업무,"2016년 8월 환경정책과 업무추진비 사용내역 공개",송진우,환경정책과,20160908171135,"공통업무>업무추진비 사용내역>업무추진비 사용내역>실국본부장, 4급이상 공무원이 장인 부서 및 기관의 업무추진비",02-2133-3515,"CC BY-NC-ND",http://opengov.seoul.go.kr/public/9600659
9600660,공통업무,"2016년 8월 기술심사담당관 업무추진비 집행내역",이태영,기술심사담당관,20160908172506,"공통업무>업무추진비 사용내역>업무추진비 사용내역>실국본부장, 4급이상 공무원이 장인 부서 및 기관의 업무추진비",2133-8559,"CC BY-NC-ND",http://opengov.seoul.go.kr/public/9600660
9600661,공통업무,"2016년 8월 도시공간개선단 업무추진비 집행내역 공개",김성애,도시공간개선단,20160908180039,"공통업무>업무추진비 사용내역>업무추진비 사용내역>실국본부장, 4급이상 공무원이 장인 부서 및 기관의 업무추진비",2133-7605,"CC BY-NC-ND",http://opengov.seoul.go.kr/public/9600661
9600662,공통업무,"2016년 8월 서울소방재난본부 강서소방서 업무추진비 집행내역",정호현,강서소방서,20160908180549,"공통업무>업무추진비 사용내역>업무추진비 사용내역>실국본부장, 4급이상 공무원이 장인 부서 및 기관의 업무추진비",3662-2119,"CC BY-NC-ND",http://opengov.seoul.go.kr/public/9600662
9600663,공통업무,"2016년 8월 기후환경본부 대기관리과 업무추진비 집행내역",김상일,대기관리과,20160908184403,"공통업무>업무추진비 사용내역>업무추진비 사용내역>실국본부장, 4급이상 공무원이 장인 부서 및 기관의 업무추진비",02-2133-3638,"CC BY-NC-ND",http://opengov.seoul.go.kr/public/9600663
9600664,공통업무,"2016년 8월 해외도시협력담당관 업무추진비 공개",전예영,해외도시협력담당관,20160908185127,"공통업무>업무추진비 사용내역>업무추진비 사용내역>실국본부장, 4급이상 공무원이 장인 부서 및 기관의 업무추진비",21335283,"CC BY",http://opengov.seoul.go.kr/public/9600664
9600665,공통업무,"2016년 8월 평생교육정책관 교육정책담당관 업무추진비 집행내역 ",이한울,교육정책담당관,20160908203557,"공통업무>업무추진비 사용내역>업무추진비 사용내역>실국본부장, 4급이상 공무원이 장인 부서 및 기관의 업무추진비",02-2133-3915,"CC BY-NC-ND",http://opengov.seoul.go.kr/public/9600665
9600666,공통업무,"2016년 8월 기후환경본부 녹색에너지과 업무추진비 집행내역 ",김유진,녹색에너지과,20160908205755,"공통업무>업무추진비 사용내역>업무추진비 사용내역>실국본부장, 4급이상 공무원이 장인 부서 및 기관의 업무추진비",2133-3554,"CC BY",http://opengov.seoul.go.kr/public/9600666
9600667,공통업무,"인생이모작지원과 업무추진비 사용내역 공개(16.8)",황인순,인생이모작지원과,20160908212310,"공통업무>업무추진비 사용내역>업무추진비 사용내역>실국본부장, 4급이상 공무원이 장인 부서 및 기관의 업무추진비",2133-7801,"CC BY",http://opengov.seoul.go.kr/public/9600667
9600669,공통업무,"2016년 8월 중 서초소방서 업무추진비 집행내역",사호수,"서초소방서 소방행정과",20160909084421,"공통업무>업무추진비 사용내역>업무추진비 사용내역>실국본부장, 4급이상 공무원이 장인 부서 및 기관의 업무추진비",02-536-6959,"CC BY-NC-ND",http://opengov.seoul.go.kr/public/9600669
9600670,건강,"2016 대사증후군관리사업 현황(2분기)",조수경,보건의료정책과,20160909091320,"건강>건강관리>대사증후군 관리사업 계획>대사증후군 관리사업 계획 및 추진현황",2133-7527,"CC BY-ND",http://opengov.seoul.go.kr/public/9600670
9600671,공통업무,"2016년 8월 업무추진비 집행내역(건축부)",신종임,건축부,20160909091655,"공통업무>업무추진비 사용내역>업무추진비 사용내역>실국본부장, 4급이상 공무원이 장인 부서 및 기관의 업무추진비",3708-2603,"CC BY-NC-ND",http://opengov.seoul.go.kr/public/9600671
9600672,공통업무,"2016년8월 비상기획관,민방위담당관 업무추진비 집행내역",음미자,민방위담당관,20160909092313,"공통업무>업무추진비 사용내역>업무추진비 사용내역>실국본부장, 4급이상 공무원이 장인 부서 및 기관의 업무추진비",02-2133-4509,"CC BY-NC-ND",http://opengov.seoul.go.kr/public/9600672
9600673,공통업무,"기획조정실 평가담당관 8월 업무추진비 공개 ",김남지,평가담당관,20160909092554,"공통업무>업무추진비 사용내역>업무추진비 사용내역>실국본부장, 4급이상 공무원이 장인 부서 및 기관의 업무추진비",2133-6928,"CC BY-NC-ND",http://opengov.seoul.go.kr/public/9600673
9600674,공통업무,"성북소방서 업무추진비 공개(8월)",강식,소방행정과,20160909100111,"공통업무>업무추진비 사용내역>업무추진비 사용내역>실국본부장, 4급이상 공무원이 장인 부서 및 기관의 업무추진비",925-0902,"CC BY-NC-ND",http://opengov.seoul.go.kr/public/9600674
9600675,공통업무,"2016년 8월 서울도서관 업무추진비 집행내역",최경화,행정지원과,20160909100746,"공통업무>업무추진비 사용내역>업무추진비 사용내역>실국본부장, 4급이상 공무원이 장인 부서 및 기관의 업무추진비",2133-0203,"CC BY-NC-ND",http://opengov.seoul.go.kr/public/9600675
9600676,공통업무,"2016년 8월 보건복지전문위원실 업무추진비 사용내역",서석영,보건복지전문위원실,20160909000000,"공통업무>업무추진비 사용내역>업무추진비 사용내역>실국본부장, 4급이상 공무원이 장인 부서 및 기관의 업무추진비",3705-1269,"CC BY-ND",http://opengov.seoul.go.kr/public/9600676
9600677,공통업무,"2016년 8월 강서수도사업소 현장민원과 업무추진비 사용내역",이경임,현장민원과,20160909103532,"공통업무>업무추진비 사용내역>업무추진비 사용내역>실국본부장, 4급이상 공무원이 장인 부서 및 기관의 업무추진비",3146-2502,"CC BY-NC-ND",http://opengov.seoul.go.kr/public/9600677
9600678,공통업무,"2016년 8월 자활지원과 업무추진비 집행내역",권도연,자활지원과,20160909105555,"공통업무>업무추진비 사용내역>업무추진비 사용내역>실국본부장, 4급이상 공무원이 장인 부서 및 기관의 업무추진비",2133-7486,"CC BY",http://opengov.seoul.go.kr/public/9600678
9600679,공통업무,"2016년 8월 지역발전본부 동남권사업단 동남권계획반 업무추진비 집행내역",최혜영,동남권사업단,20160909110311,"공통업무>업무추진비 사용내역>업무추진비 사용내역>실국본부장, 4급이상 공무원이 장인 부서 및 기관의 업무추진비",02-2133-8230,"CC BY-NC-ND",http://opengov.seoul.go.kr/public/9600679
9600680,공통업무,"2016년 8월 강남소방서 업무추진비 집행내역",심종보,소방행정과,20160909000000,"공통업무>업무추진비 사용내역>업무추진비 사용내역>실국본부장, 4급이상 공무원이 장인 부서 및 기관의 업무추진비",02-568-4161,"CC BY-NC-ND",http://opengov.seoul.go.kr/public/9600680
9600681,공통업무,"구로소방서장 업무추진비 공개(2016.8.)",정호영,"구로소방서 소방행정과",20160909123308,"공통업무>업무추진비 사용내역>업무추진비 사용내역>실국본부장, 4급이상 공무원이 장인 부서 및 기관의 업무추진비",0226183102,"CC BY",http://opengov.seoul.go.kr/public/9600681
9600682,공통업무,"구로소방서 소방행정과 업무추진비공개(2016.8.)",정호영,"구로소방서 소방행정과",20160909123502,"공통업무>업무추진비 사용내역>업무추진비 사용내역>실국본부장, 4급이상 공무원이 장인 부서 및 기관의 업무추진비",0226183102,"CC BY",http://opengov.seoul.go.kr/public/9600682
9600683,공통업무,"2016년 8월 시민소통담당관 업무추진비 집행내역",유덕종,시민소통담당관,20160909130231,"공통업무>업무추진비 사용내역>업무추진비 사용내역>실국본부장, 4급이상 공무원이 장인 부서 및 기관의 업무추진비",2133-6412,"CC BY-NC-ND",http://opengov.seoul.go.kr/public/9600683
9600684,공통업무,"2016년 8월 서울시립대학교 총무과장 업무추진비",김유정,총무과,20160909130533,"공통업무>업무추진비 사용내역>업무추진비 사용내역>실국본부장, 4급이상 공무원이 장인 부서 및 기관의 업무추진비",02-6490-6411,"CC BY-NC-ND",http://opengov.seoul.go.kr/public/9600684
9600685,공통업무,"2016년 8월 정무부시장 업무추진비 집행내역",유덕종,시민소통담당관,20160909130756,"공통업무>업무추진비 사용내역>업무추진비 사용내역>시장, 부시장 업무추진비 사용내역",2133-6412,"CC BY-NC-ND",http://opengov.seoul.go.kr/public/9600685
9600686,공통업무,"2016년 8월 도시재생본부 주거사업과 업무추진비 집행내역",이해란,주거사업과,20160909133345,"공통업무>업무추진비 사용내역>업무추진비 사용내역>실국본부장, 4급이상 공무원이 장인 부서 및 기관의 업무추진비",2133-7215,"CC BY-NC-ND",http://opengov.seoul.go.kr/public/9600686
9600687,안전,"2016년 서울시 민방위 교육계획",이일호,민방위담당관,20160909133622,"안전>민방위>민방위 훈련 및 교육 계획>민방위교육계획",02-2133-4540,"CC BY-ND",http://opengov.seoul.go.kr/public/9600687
9600688,공통업무,"2016년 8월 구로소방서 고척119안전센터 업무추진비 집행내역",김동표,고척119안전센터,20160909134347,"공통업무>업무추진비 사용내역>업무추진비 사용내역>실국본부장, 4급이상 공무원이 장인 부서 및 기관의 업무추진비",02-2616-0119,"CC BY-NC-ND",http://opengov.seoul.go.kr/public/9600688
9600689,공통업무,"2016년 6월 서울특별시장 업무추진비 집행내역 공표",이윤창,총무과,20160909000000,"공통업무>업무추진비 사용내역>업무추진비 사용내역>시장, 부시장 업무추진비 사용내역",2133-5609,"CC BY-NC-ND",http://opengov.seoul.go.kr/public/9600689
9600690,공통업무,"교량안전과 8월 업무추진 내역",박경숙,교량안전과,20160909145556,"공통업무>업무추진비 사용내역>업무추진비 사용내역>실국본부장, 4급이상 공무원이 장인 부서 및 기관의 업무추진비",02-2133-1948,"CC BY-NC-ND",http://opengov.seoul.go.kr/public/9600690
9600691,공통업무,"2016년 6월 행정국 총무과 업무추진비 집행내역 공표",이윤창,총무과,20160909145731,"공통업무>업무추진비 사용내역>업무추진비 사용내역>실국본부장, 4급이상 공무원이 장인 부서 및 기관의 업무추진비",2133-5609,"CC BY-NC-ND",http://opengov.seoul.go.kr/public/9600691
9600692,공통업무,"2016년 8월 언론담당관 업무추진비 집행내역",선일규,언론담당관,20160909150038,"공통업무>업무추진비 사용내역>업무추진비 사용내역>실국본부장, 4급이상 공무원이 장인 부서 및 기관의 업무추진비",2133-6229,"CC BY-NC-ND",http://opengov.seoul.go.kr/public/9600692
9600693,공통업무,"2016년 8월 도시계획국 시설계획과 업무추진비 집행내역",이선옥,시설계획과,20160909150422,"공통업무>업무추진비 사용내역>업무추진비 사용내역>실국본부장, 4급이상 공무원이 장인 부서 및 기관의 업무추진비",02-2133-8404,"CC BY-NC-ND",http://opengov.seoul.go.kr/public/9600693
9600695,행정,"서울시 정보공개심의회 결정내역",주서진,정보공개정책과,20160909000000,"행정>일반행정>정보공개심의회 운영>정보공개심의회 결정내역",02-2133-5680,"CC BY",http://opengov.seoul.go.kr/public/9600695
9600697,공통업무,"은평병원 약제과 부서운영 업무추진비 공개(8월분)",박아영,약제과,20160909151310,"공통업무>업무추진비 사용내역>업무추진비 사용내역>실국본부장, 4급이상 공무원이 장인 부서 및 기관의 업무추진비",02-300-8101,"CC BY-NC-ND",http://opengov.seoul.go.kr/public/9600697
9600698,공통업무,"2016년 8월 여성가족정책실 여성정책담당관 업무추진비 집행내역",이현정,여성정책담당관,20160909151721,"공통업무>업무추진비 사용내역>업무추진비 사용내역>실국본부장, 4급이상 공무원이 장인 부서 및 기관의 업무추진비",2133-5013,"CC BY-NC-ND",http://opengov.seoul.go.kr/public/9600698
9600699,공통업무,"공공개발센터 8월 업무추진비 사용내역 공개",김성재,공공개발센터,20160909152620,"공통업무>업무추진비 사용내역>업무추진비 사용내역>실국본부장, 4급이상 공무원이 장인 부서 및 기관의 업무추진비",02-2133-8355,"CC BY-NC-ND",http://opengov.seoul.go.kr/public/9600699
9600700,공통업무,"2016년 8월 재무국 세제과 업무추진비 사용내역",김용덕,세제과,20160909152640,"공통업무>업무추진비 사용내역>업무추진비 사용내역>실국본부장, 4급이상 공무원이 장인 부서 및 기관의 업무추진비",2133-3355,"CC BY-NC-ND",http://opengov.seoul.go.kr/public/9600700
9600702,공통업무,"2016년 8월 시민건강국 건강증진과 업무추진비 집행내역 공개",박종수,건강증진과,20160909152954,"공통업무>업무추진비 사용내역>업무추진비 사용내역>실국본부장, 4급이상 공무원이 장인 부서 및 기관의 업무추진비",02)2133-7565,"CC BY-NC-ND",http://opengov.seoul.go.kr/public/9600702
9601621,세금재정,"Fin-Tech기반 간편결제 세금납부 양해각서 체결 현황",최석훈,세무과,20160909000000,"세금재정>재정>민관협력을 통한 MOU체결>Fin-Tech기반 간편결재 세금납부 양해각서 체결",2133-3385,"CC BY-NC-ND",http://opengov.seoul.go.kr/public/9601621
9601622,공통업무,"2016년 8월 도시교통본부 교통정보과 업무추진비 집행내역",이채백,교통정보과,20160909000000,"공통업무>업무추진비 사용내역>업무추진비 사용내역>실국본부장, 4급이상 공무원이 장인 부서 및 기관의 업무추진비",02-2133-4957,"CC BY-NC-ND",http://opengov.seoul.go.kr/public/9601622
9601623,안전,"2016년 민방위 훈련 계획",조훈,"민방위담당관 ",20160909161750,"안전>민방위>민방위 훈련 및 교육 계획>민방위훈련계획",2133-4536,"CC BY-ND",http://opengov.seoul.go.kr/public/9601623
9601624,공통업무,"2016년 8월 안전총괄본부 도로시설과 업무추진비 집행내역",차금옥,도로시설과,20160909162310,"공통업무>업무추진비 사용내역>업무추진비 사용내역>실국본부장, 4급이상 공무원이 장인 부서 및 기관의 업무추진비",2133-1658,"CC BY-NC-ND",http://opengov.seoul.go.kr/public/9601624
9601625,공통업무,"2016년 8월 강동소방서 업무추진비 공개",이영남,"강동소방서 소방행정과",20160909162402,"공통업무>업무추진비 사용내역>업무추진비 사용내역>실국본부장, 4급이상 공무원이 장인 부서 및 기관의 업무추진비",02,"CC BY-NC-ND",http://opengov.seoul.go.kr/public/9601625
9601626,공통업무,"2016년 8월 시의회사무처 도시계획관리전문위원실 업무추진비 집행내역",강택기,도시계획관리전문위원실,20160909163210,"공통업무>업무추진비 사용내역>업무추진비 사용내역>실국본부장, 4급이상 공무원이 장인 부서 및 기관의 업무추진비",0237051370,"CC BY-NC-ND",http://opengov.seoul.go.kr/public/9601626
9601627,공통업무,"2016년 8월 디지털창업과 업무추진비 집행내역",박성혁,디지털산업과,20160909163311,"공통업무>업무추진비 사용내역>업무추진비 사용내역>실국본부장, 4급이상 공무원이 장인 부서 및 기관의 업무추진비",02-2133-4805,"CC BY-NC-ND",http://opengov.seoul.go.kr/public/9601627
9601628,공통업무,"2016년 8월 동부도로사업소 업무추진비 사용내역 ",최은주,관리단속과,20160909163502,"공통업무>업무추진비 사용내역>업무추진비 사용내역>실국본부장, 4급이상 공무원이 장인 부서 및 기관의 업무추진비",2040-0314,"CC BY-NC-ND",http://opengov.seoul.go.kr/public/9601628
9614886,공통업무,"2016년 8월 교통방송 텔레비전국 업무추진비 집행내역",채지원,텔레비전국,20160909164208,"공통업무>업무추진비 사용내역>업무추진비 사용내역>실국본부장, 4급이상 공무원이 장인 부서 및 기관의 업무추진비",311-5416,"CC BY-NC-ND",http://opengov.seoul.go.kr/public/9614886
9614887,공통업무,"2016년 8월 시민소통기확관 뉴미디어담당관 업무추진비  집행내역",김한종,뉴미디어담당관,20160909164801,"공통업무>업무추진비 사용내역>업무추진비 사용내역>실국본부장, 4급이상 공무원이 장인 부서 및 기관의 업무추진비",02-2133-6486,"CC BY-NC-ND",http://opengov.seoul.go.kr/public/9614887
9614888,공통업무,"2016년  푸른도시국 조경과 8월분 업무추진비 공개",조진희,조경과,20160909165119,"공통업무>업무추진비 사용내역>업무추진비 사용내역>실국본부장, 4급이상 공무원이 장인 부서 및 기관의 업무추진비",2133-2105,"CC BY-NC-ND",http://opengov.seoul.go.kr/public/9614888
9614889,건강,"2016년 맞춤형 방문건강관리사업 상반기 실적 ",송경옥,건강증진과,20160909170729,"건강>건강관리>맞춤형 방문 건강관리 사업계획>맞춤형 방문 건강관리 사업계획 및 추진현황",2133-7582,"CC BY",http://opengov.seoul.go.kr/public/9614889
9614891,공통업무,"2016.8월 시설안전과 업무추진비공개 ",김수진,시설안전과,20160909171355,"공통업무>업무추진비 사용내역>업무추진비 사용내역>실국본부장, 4급이상 공무원이 장인 부서 및 기관의 업무추진비",2133-8223,"CC BY-NC-ND",http://opengov.seoul.go.kr/public/9614891
9614892,공통업무,"2016년 8월중 구로소방서 재난관리과 업무추진비 집행내역",이승만,재난관리과,20160909171832,"공통업무>업무추진비 사용내역>업무추진비 사용내역>실국본부장, 4급이상 공무원이 장인 부서 및 기관의 업무추진비",2681-1408,"CC BY-NC-ND",http://opengov.seoul.go.kr/public/9614892
9614893,공통업무,"2016년 8월 서북병원 원무과 업무추진비 집행내역",전태분,"서북병원 원무과",20160909172929,"공통업무>업무추진비 사용내역>업무추진비 사용내역>실국본부장, 4급이상 공무원이 장인 부서 및 기관의 업무추진비",3156-3020,"CC BY-NC-ND",http://opengov.seoul.go.kr/public/9614893
9614894,공통업무,"2016년 8월 재생협력과 업무추진비 사용내역 공개",이금선,재생협력과,20160909174058,"공통업무>업무추진비 사용내역>업무추진비 사용내역>실국본부장, 4급이상 공무원이 장인 부서 및 기관의 업무추진비",02-2133-7199,"CC BY-NC-ND",http://opengov.seoul.go.kr/public/9614894
9614895,공통업무,"2016년 푸른도시국 공원녹지정책과 업무추진비 공개(8월)",오주하,공원녹지정책과,20160909174552,"공통업무>업무추진비 사용내역>업무추진비 사용내역>실국본부장, 4급이상 공무원이 장인 부서 및 기관의 업무추진비",2133-2018,"CC BY-NC-ND",http://opengov.seoul.go.kr/public/9614895
9614896,공통업무,"서울종합방재센터 자원관리과 업무추진비 집행내역(2016.8월)",조윤상,자원관리과,20160909180104,"공통업무>업무추진비 사용내역>업무추진비 사용내역>실국본부장, 4급이상 공무원이 장인 부서 및 기관의 업무추진비",02-726-2115,"CC BY-NC-ND",http://opengov.seoul.go.kr/public/9614896
9614897,공통업무,"2016년 8월 물순환안전국 하천관리과 업무추진비 공개",김상희,하천관리과,20160909180154,"공통업무>업무추진비 사용내역>업무추진비 사용내역>실국본부장, 4급이상 공무원이 장인 부서 및 기관의 업무추진비",2133-3868,"CC BY-NC-ND",http://opengov.seoul.go.kr/public/9614897
9614898,공통업무,"재생정책과 8월 업무추진비 사용 내역",김민우,재생정책과,20160909000000,"공통업무>업무추진비 사용내역>업무추진비 사용내역>실국본부장, 4급이상 공무원이 장인 부서 및 기관의 업무추진비",02-2133-8618,"CC BY-NC-ND",http://opengov.seoul.go.kr/public/9614898
9614899,공통업무,"2016년 8월 시민감사옴부즈만위원회 업무추진비 사용내역",박준,시민감사옴부즈만위원회,20160909182216,"공통업무>업무추진비 사용내역>업무추진비 사용내역>실국본부장, 4급이상 공무원이 장인 부서 및 기관의 업무추진비",2133-3126,"CC BY-NC-ND",http://opengov.seoul.go.kr/public/9614899
9614900,공통업무,"2016년 8월 행정2부시장 업무추진비 집행내역",신민표,안전총괄과,20160909183409,"공통업무>업무추진비 사용내역>업무추진비 사용내역>시장, 부시장 업무추진비 사용내역",2133-8015,"CC BY-NC-ND",http://opengov.seoul.go.kr/public/9614900
9614901,공통업무,"2016.8월 한강사업본부 업무추진비 집행내역",박선은,총무과,20160909183656,"공통업무>업무추진비 사용내역>업무추진비 사용내역>실국본부장, 4급이상 공무원이 장인 부서 및 기관의 업무추진비",3780-0711,"CC BY-NC-ND",http://opengov.seoul.go.kr/public/9614901
9614902,공통업무,"2016년 8월 기후환경본부 기후변화대응과 업무추진비 집행내역",김은정,기후변화대응과,20160909183835,"공통업무>업무추진비 사용내역>업무추진비 사용내역>실국본부장, 4급이상 공무원이 장인 부서 및 기관의 업무추진비",2133-3594,"CC BY-NC-ND",http://opengov.seoul.go.kr/public/9614902
9614903,환경,"주민참여 동네숲(골목길)가꾸기 추진현황(2015)",최우석,조경과,20160909000000,"환경>도시녹화>도시녹화 추진현황>주민참여 동네숲(자투리땅) 가꾸기",02-2133-2113,"CC BY-NC-ND",http://opengov.seoul.go.kr/public/9614903
9614904,공통업무,"2016년 8월 관광체육국 체육진흥과 업무추진비 집행내역",박근호,체육진흥과,20160909190738,"공통업무>업무추진비 사용내역>업무추진비 사용내역>실국본부장, 4급이상 공무원이 장인 부서 및 기관의 업무추진비",2133-2735,"CC BY-NC-ND",http://opengov.seoul.go.kr/public/9614904
9614905,공통업무,"관광사업과 8월 업무추진비 집행내역 공개",강수영,관광사업과,20160909201641,"공통업무>업무추진비 사용내역>업무추진비 사용내역>실국본부장, 4급이상 공무원이 장인 부서 및 기관의 업무추진비",2133-2774,"CC BY-NC-ND",http://opengov.seoul.go.kr/public/9614905
9614906,공통업무,"교통전문위원실 업무추진비 집행 내역(2016.8)",조재영,교통전문위원실,20160909205821,"공통업무>업무추진비 사용내역>업무추진비 사용내역>실국본부장, 4급이상 공무원이 장인 부서 및 기관의 업무추진비",02-3705-1314,"CC BY-NC-ND",http://opengov.seoul.go.kr/public/9614906
9614907,공통업무,"2016년 8월 경제진흥본부 소상공인지원과 업무추진비 집행내역",신채연,소상공인지원과,20160909000000,"공통업무>업무추진비 사용내역>업무추진비 사용내역>실국본부장, 4급이상 공무원이 장인 부서 및 기관의 업무추진비",2133-5538,"CC BY-NC-ND",http://opengov.seoul.go.kr/public/9614907
9614908,공통업무,"인력개발과 8월 업무추진비 집행내역 공개",오환섭,인력개발과,20160909220043,"공통업무>업무추진비 사용내역>업무추진비 사용내역>실국본부장, 4급이상 공무원이 장인 부서 및 기관의 업무추진비",02-2133-5760,"CC BY-NC-ND",http://opengov.seoul.go.kr/public/9614908
9614909,공통업무,"2016년 8월 시민건강국 생활보건과 업무추진비 집행 내역",이경희,생활보건과,20160909220533,"공통업무>업무추진비 사용내역>업무추진비 사용내역>실국본부장, 4급이상 공무원이 장인 부서 및 기관의 업무추진비",02-2133-7665,"CC BY-NC-ND",http://opengov.seoul.go.kr/public/9614909
9614910,공통업무,"2016년 8월 인권담당관 업무추진비 집행내역",임덕영,인권담당관,20160909225011,"공통업무>업무추진비 사용내역>업무추진비 사용내역>실국본부장, 4급이상 공무원이 장인 부서 및 기관의 업무추진비",02-2133-6388,"CC BY-NC-ND",http://opengov.seoul.go.kr/public/9614910
9614911,공통업무," 2016.8월 인재개발원 인재기획과 업무추진비 집행내역 ",안주희,인재기획과,20160910000606,"공통업무>업무추진비 사용내역>업무추진비 사용내역>실국본부장, 4급이상 공무원이 장인 부서 및 기관의 업무추진비",3488-2036,"CC BY-NC-ND",http://opengov.seoul.go.kr/public/9614911
9614912,공통업무,"2016년 8월 노원소방서 업무추진비 집행내역",이은화,소방행정과,20160910000000,"공통업무>업무추진비 사용내역>업무추진비 사용내역>실국본부장, 4급이상 공무원이 장인 부서 및 기관의 업무추진비",212(부속실),"CC BY-NC-ND",http://opengov.seoul.go.kr/public/9614912
9628386,공통업무,"2016.8월 관광정책과 업무추진비 집행내역",임영선,관광정책과,20160910145332,"공통업무>업무추진비 사용내역>업무추진비 사용내역>실국본부장, 4급이상 공무원이 장인 부서 및 기관의 업무추진비",02-2133-2809,"CC BY-NC-ND",http://opengov.seoul.go.kr/public/9628386
9629384,공통업무,"2016년 8월 도시재생본부 역사도심재생과 업무추진비 사용내역 ",박여은,역사도심재생과,20160910153759,"공통업무>업무추진비 사용내역>업무추진비 사용내역>실국본부장, 4급이상 공무원이 장인 부서 및 기관의 업무추진비",02-2133-8490,"CC BY-NC-ND",http://opengov.seoul.go.kr/public/9629384
9629385,환경,"2016 도시구조물 벽면녹화사업 추진계획",현호재,조경과,20160910160548,"환경>도시녹화>도시녹화 추진현황>도시구조물 벽면녹화",2133-2123,"CC BY",http://opengov.seoul.go.kr/public/9629385
9629386,공통업무,2016.8월업무추진비공개(디자인정책과),곽현송,디자인정책과,20160910000000,"공통업무>업무추진비 사용내역>업무추진비 사용내역>실국본부장, 4급이상 공무원이 장인 부서 및 기관의 업무추진비",2133-2707,"CC BY-NC-ND",http://opengov.seoul.go.kr/public/9629386
9629387,공통업무,"의회사무처 입법담당관 8월 업무추진비 사용내역 공개",홍현주,"의회사무처 입법담당관",20160910164556,"공통업무>업무추진비 사용내역>업무추진비 사용내역>실국본부장, 4급이상 공무원이 장인 부서 및 기관의 업무추진비",02-3705-1171,"CC BY-NC-ND",http://opengov.seoul.go.kr/public/9629387
9629388,공통업무,"2016년 8월 감사위원회 조사담당관 업무추진비 집행내역",백의성,조사담당관,20160910171747,"공통업무>업무추진비 사용내역>업무추진비 사용내역>실국본부장, 4급이상 공무원이 장인 부서 및 기관의 업무추진비",2133-3087,"CC BY",http://opengov.seoul.go.kr/public/9629388
9629389,공통업무,"2016. 8월 정보기획담당관 업무추진비 집행내역 ",이주영,정보기획담당관,20160910173859,"공통업무>업무추진비 사용내역>업무추진비 사용내역>실국본부장, 4급이상 공무원이 장인 부서 및 기관의 업무추진비",2133-2914,"CC BY-NC-ND",http://opengov.seoul.go.kr/public/9629389
9629390,공통업무,"2016년 8월 체육시설관리사업소 목동사업과 부서운영업무추진비 집행내역",윤희문,목동사업과,20160910203001,"공통업무>업무추진비 사용내역>업무추진비 사용내역>실국본부장, 4급이상 공무원이 장인 부서 및 기관의 업무추진비",2640-3807,"CC BY-NC-ND",http://opengov.seoul.go.kr/public/9629390
9629391,공통업무,"2016년 8월 행정1부시장 업무추진비 집행내역",김성균,행정1부시장,20160911100725,"공통업무>업무추진비 사용내역>업무추진비 사용내역>시장, 부시장 업무추진비 사용내역",2133-6106,"CC BY-NC-ND",http://opengov.seoul.go.kr/public/9629391
9629392,공통업무,"2016년 8월 양천소방서 신월119안전센터 업무추진비 집행내역",박종국,신월119안전센터,20160911105027,"공통업무>업무추진비 사용내역>업무추진비 사용내역>실국본부장, 4급이상 공무원이 장인 부서 및 기관의 업무추진비",02-2691-4119,"CC BY-NC-ND",http://opengov.seoul.go.kr/public/9629392
9629393,공통업무,"2016년 8월 광진소방서 행당119안전센터 업무추진비 집행내역",공하복,"광진소방서 행당119안전센터",20160911111053,"공통업무>업무추진비 사용내역>업무추진비 사용내역>실국본부장, 4급이상 공무원이 장인 부서 및 기관의 업무추진비",02-2292-0119,"CC BY-NC-ND",http://opengov.seoul.go.kr/public/9629393
9629649,공통업무,"2016년 8월 도시교통본부 주차계획과 업무추진비 집행내역",박정수,주차계획과,20160911114253,"공통업무>업무추진비 사용내역>업무추진비 사용내역>실국본부장, 4급이상 공무원이 장인 부서 및 기관의 업무추진비",02)2133-2354,"CC BY-NC-ND",http://opengov.seoul.go.kr/public/9629649
9629686,공통업무,"16년 8월 경제정책과 업무추진비 사용내역 공개",이규용,경제정책과,20160911164750,"공통업무>업무추진비 사용내역>업무추진비 사용내역>실국본부장, 4급이상 공무원이 장인 부서 및 기관의 업무추진비",02-2133-5220,"CC BY-NC-ND",http://opengov.seoul.go.kr/public/9629686
9629924,공통업무,"2016년 8월 장애인복지정책과 업무추진비 집행내역 ",김정미,장애인복지정책과,20160912081712,"공통업무>업무추진비 사용내역>업무추진비 사용내역>실국본부장, 4급이상 공무원이 장인 부서 및 기관의 업무추진비",02-2133-7447,"CC BY-NC-ND",http://opengov.seoul.go.kr/public/9629924
9629926,공통업무,"2016년 8월 인사과 업무추진비 집행내역",유경욱,인사과,20160912094053,"공통업무>업무추진비 사용내역>업무추진비 사용내역>실국본부장, 4급이상 공무원이 장인 부서 및 기관의 업무추진비",2133-5705,"CC BY-NC-ND",http://opengov.seoul.go.kr/public/9629926
9629927,공통업무,"대외협력담당관 업무추진비 사용내역(16년8월)",허선주,대외협력담당관,20160912110632,"공통업무>업무추진비 사용내역>업무추진비 사용내역>실국본부장, 4급이상 공무원이 장인 부서 및 기관의 업무추진비",2133-6656,"CC BY-NC-ND",http://opengov.seoul.go.kr/public/9629927
9629928,공통업무,"2016년 8월 은평병원 원무과 업무추진비 집행내역",이지훈-22,"은평병원 원무과",20160912115256,"공통업무>업무추진비 사용내역>업무추진비 사용내역>실국본부장, 4급이상 공무원이 장인 부서 및 기관의 업무추진비",02-300-8012,"CC BY-NC-ND",http://opengov.seoul.go.kr/public/9629928
9629929,공통업무,"2016. 8월 자연생태과 업무추진비 집행내역",진미진,자연생태과,20160912135908,"공통업무>업무추진비 사용내역>업무추진비 사용내역>실국본부장, 4급이상 공무원이 장인 부서 및 기관의 업무추진비",2133-2144,"CC BY-NC-ND",http://opengov.seoul.go.kr/public/9629929
9629930,여성가족,"2016 폐교활용 가족자연체험시설 운영현황",최태훈,교육정책담당관,20160912143156,"여성가족>가족정책>가족체험시설>지방폐교 활용 가족 자연체험시설 현황",2133-3926,"CC BY-NC-ND",http://opengov.seoul.go.kr/public/9629930
9629931,주택도시계획,"사전협상 운영지침(2016.8.5)",주명수,공공개발센터,20160912000000,주택도시계획>도시계획>사전협상제도>업무지침,2133-8356,"CC BY",http://opengov.seoul.go.kr/public/9629931
9629932,공통업무,"2016년 8월 박물관과 시책업무추진비 사용 내역",김현정,박물관진흥과,20160912144604,"공통업무>업무추진비 사용내역>업무추진비 사용내역>실국본부장, 4급이상 공무원이 장인 부서 및 기관의 업무추진비",02-2133-4186,"CC BY",http://opengov.seoul.go.kr/public/9629932
9629933,주택도시계획,"사전협상형 지구단위계획수립기준(2016.8.5)",주명수,공공개발센터,20160912144743,"주택도시계획>도시계획>사전협상제도>사전협상형 지구단위수립기준",2133-8356,"CC BY",http://opengov.seoul.go.kr/public/9629933
9629934,공통업무,"시의회사무처 예산결산특별위원회 8월 업무추진비 사용 내역",강영심,예산결산특별전문위원실,20160912150438,"공통업무>업무추진비 사용내역>업무추진비 사용내역>실국본부장, 4급이상 공무원이 장인 부서 및 기관의 업무추진비",3705-1253,"CC BY-NC-ND",http://opengov.seoul.go.kr/public/9629934
9629958,공통업무,"2016년 8월 시의회사무처 교육전문위원실 업무추진비 집행내역 ",이재석,교육전문위원실,20160912154011,"공통업무>업무추진비 사용내역>업무추진비 사용내역>실국본부장, 4급이상 공무원이 장인 부서 및 기관의 업무추진비",3705-1037,"CC BY-NC-ND",http://opengov.seoul.go.kr/public/9629958
9629959,주택도시계획,"2025 서울특별시 도시주거환경정비기본계획",강창호,공동주택과,20160912000000,"주택도시계획>공동주택>공공주택 재건축 기본계획>공공주택 재건축 기본계획",02-2133-7137,"CC BY",http://opengov.seoul.go.kr/public/9629959
9629960,주택도시계획,"2016년 아파트 마을만들기 사업계획 및 추진현황",이학천,공동주택과,20160912160800,"주택도시계획>공동주택>아파트 마을만들기 사업추진 현황>아파트 마을만들기 사업계획 및 추진현황",2133-7134,"CC BY",http://opengov.seoul.go.kr/public/9629960
9629961,공통업무,"2016.8월 광진소방서 예방과 부서운영 업무추진비",조현주,예방과,20160912162026,"공통업무>업무추진비 사용내역>업무추진비 사용내역>실국본부장, 4급이상 공무원이 장인 부서 및 기관의 업무추진비",02-454-0119,"CC BY-NC-ND",http://opengov.seoul.go.kr/public/9629961
9629962,공통업무,"시의회사무처 8월 업무추진비 공개",안수현,예산정책담당관,20160912163310,"공통업무>업무추진비 사용내역>업무추진비 사용내역>실국본부장, 4급이상 공무원이 장인 부서 및 기관의 업무추진비",02-3705-1278,"CC BY-ND",http://opengov.seoul.go.kr/public/9629962
9629963,주택도시계획,"민선6기 임대주택 8만호 추진현황",이화섭,임대주택과,20160912164442,"주택도시계획>임대주택>임대주택 개발 공급현황>임대주택 8만호 추진현황","02) 2133-7058","CC BY-ND",http://opengov.seoul.go.kr/public/9629963
9629964,공통업무,"2016년 8월 소방재난본부 재난대응과 업무추진비 집행내역",박은진,재난대응과,20160912175424,"공통업무>업무추진비 사용내역>업무추진비 사용내역>실국본부장, 4급이상 공무원이 장인 부서 및 기관의 업무추진비",3706-1415,"CC BY-NC-ND",http://opengov.seoul.go.kr/public/9629964
9629965,주택도시계획,"서울특별시 공동주택 관리규약 준칙",성제인,공동주택과,20160912175909,"주택도시계획>공동주택>공동주택관리규약 표준안>공동주택관리규약 표준안",7288,"CC BY",http://opengov.seoul.go.kr/public/9629965
9629966,공통업무,"2016년 8월 소방재난본부 안전지원과 업무추진비 집행내역",홍수정,안전지원과,20160912182522,"공통업무>업무추진비 사용내역>업무추진비 사용내역>실국본부장, 4급이상 공무원이 장인 부서 및 기관의 업무추진비",02-3706-1616,"CC BY-NC-ND",http://opengov.seoul.go.kr/public/9629966
9629968,주택도시계획,"공동주택 상담실 운영현황 ",김주연,공동주택과,20160912183359,"주택도시계획>공동주택>공동주택 상담실 운영현황>공동주택 상담실 운영현황",02-2133-728,"CC BY",http://opengov.seoul.go.kr/public/9629968
9629969,공통업무,"민생사법경찰단 2016. 8월 업무추진비 내역",강지영,민생사법경찰단,20160912183919,"공통업무>업무추진비 사용내역>업무추진비 사용내역>실국본부장, 4급이상 공무원이 장인 부서 및 기관의 업무추진비",2133-8812,"CC BY-NC-ND",http://opengov.seoul.go.kr/public/9629969
9629970,공통업무,"2016년 8월 일자리노동국 사회적경제과 업무추진비 집행내역",장호진,사회적경제담당관,20160912220429,"공통업무>업무추진비 사용내역>업무추진비 사용내역>실국본부장, 4급이상 공무원이 장인 부서 및 기관의 업무추진비",2133-5486,"CC BY-NC-ND",http://opengov.seoul.go.kr/public/9629970
9629971,공통업무,"도시브랜드담당관 업무추진비 공개(2016.05.)",최영아,도시브랜드담당관,20160913090626,"공통업무>업무추진비 사용내역>업무추진비 사용내역>실국본부장, 4급이상 공무원이 장인 부서 및 기관의 업무추진비",2133-6189,"CC BY-NC-ND",http://opengov.seoul.go.kr/public/9629971
9629972,공통업무,"2016.5월 평가담당관 업무추진비 ",김남지,평가담당관,20160913094844,"공통업무>업무추진비 사용내역>업무추진비 사용내역>실국본부장, 4급이상 공무원이 장인 부서 및 기관의 업무추진비",2133-6928,"CC BY-NC-ND",http://opengov.seoul.go.kr/public/9629972
9629973,공통업무,"2016년 8월 양천소방서 업무추진비 사용내역(수정)",강정일,소방행정과,20160913095348,"공통업무>업무추진비 사용내역>업무추진비 사용내역>실국본부장, 4급이상 공무원이 장인 부서 및 기관의 업무추진비",2651-7384,"CC BY-NC-ND",http://opengov.seoul.go.kr/public/9629973
9629974,안전,"2016년 서울시 9월 재난 및 안전사고 분석·전망",문상인,현장대응단,20160913110704,"안전>재난안전>재난안전사고 분석 및 전망>서울시 월중 재난안전사고 분석 및 전망",02-3706-1731,"CC BY-NC-SA",http://opengov.seoul.go.kr/public/9629974
9629975,공통업무,"2016년 8월 시민소통기획관 시민봉사담당관 업무추진비 사용내역 ",남기훈,시민봉사담당관,20160913111637,"공통업무>업무추진비 사용내역>업무추진비 사용내역>실국본부장, 4급이상 공무원이 장인 부서 및 기관의 업무추진비",02-2133-6466,"CC BY-NC-ND",http://opengov.seoul.go.kr/public/9629975
9646544,공통업무,"'16.8월 서부수도사업소 요금과 업무추진비 사용내역",유재준,요금과,20160913183204,"공통업무>업무추진비 사용내역>업무추진비 사용내역>실국본부장, 4급이상 공무원이 장인 부서 및 기관의 업무추진비",3146-3589,"CC BY-NC-ND",http://opengov.seoul.go.kr/public/9646544
9646545,공통업무,"중부공원녹지사업소 시설과 2016년 07월 업무추진비 집행내역공개",박향숙,시설과,20160913185328,"공통업무>업무추진비 사용내역>업무추진비 사용내역>실국본부장, 4급이상 공무원이 장인 부서 및 기관의 업무추진비",02-3783-5965,"CC BY-NC-ND",http://opengov.seoul.go.kr/public/9646545
9646546,공통업무,"중부공원녹지사업소 시설과 2016년 08월 업무추진비 집행내역공개",박향숙,시설과,20160913185652,"공통업무>업무추진비 사용내역>업무추진비 사용내역>실국본부장, 4급이상 공무원이 장인 부서 및 기관의 업무추진비",02-3783-5965,"CC BY-NC-ND",http://opengov.seoul.go.kr/public/9646546
9646547,공통업무,"구로소방서 예방과 업무추진비 내역",정호영-22,"구로소방서 예방과",20160913200842,"공통업무>업무추진비 사용내역>업무추진비 사용내역>실국본부장, 4급이상 공무원이 장인 부서 및 기관의 업무추진비",2682-5068,"CC BY-NC-ND",http://opengov.seoul.go.kr/public/9646547
9646548,공통업무,"구로소방서 예방과 업무추진비 내역",정호영-22,"구로소방서 예방과",20160913201035,"공통업무>업무추진비 사용내역>업무추진비 사용내역>실국본부장, 4급이상 공무원이 장인 부서 및 기관의 업무추진비",2682-5068,"CC BY-NC-ND",http://opengov.seoul.go.kr/public/9646548
9646549,공통업무,"암사119안전센터 6월 업무추진비 집행내역",채수영,암사119안전센터,20160914000000,"공통업무>업무추진비 사용내역>업무추진비 사용내역>실국본부장, 4급이상 공무원이 장인 부서 및 기관의 업무추진비",02-3426-2119,"CC BY",http://opengov.seoul.go.kr/public/9646549
9660894,안전,"2016년 8월 소방활동 현황(화재)",김준식,현장대응단,20160914190302,"안전>재난 현황>화재, 구조, 구급 등 재난발생현황>서울시 월중 화재발생 현황",3706-1723,"CC BY-NC-ND",http://opengov.seoul.go.kr/public/9660894
9661756,공통업무,"2016년 7~8월 서울시립대학교 기획과 업무추진비 집행내역",이원배,기획과,20160919092537,"공통업무>업무추진비 사용내역>업무추진비 사용내역>실국본부장, 4급이상 공무원이 장인 부서 및 기관의 업무추진비",6490-6312,"CC BY-NC-ND",http://opengov.seoul.go.kr/public/9661756
9661758,공통업무,"양천소방서 현장대응단 4월 업무추진비 공개",배민호,양천소방서,20160919104616,"공통업무>업무추진비 사용내역>업무추진비 사용내역>실국본부장, 4급이상 공무원이 장인 부서 및 기관의 업무추진비",02-2643-4119,"CC BY-NC-ND",http://opengov.seoul.go.kr/public/9661758
9661759,공통업무,"양천소방서 현장대응단 5월 업무추진비 공개",배민호,양천소방서,20160919105521,"공통업무>업무추진비 사용내역>업무추진비 사용내역>실국본부장, 4급이상 공무원이 장인 부서 및 기관의 업무추진비",02-2643-4119,"CC BY-NC-ND",http://opengov.seoul.go.kr/public/9661759
9661760,공통업무,"양천소방서 현장대응단 6월 업무추진비 공개",배민호,양천소방서,20160919105613,"공통업무>업무추진비 사용내역>업무추진비 사용내역>실국본부장, 4급이상 공무원이 장인 부서 및 기관의 업무추진비",02-2643-4119,"CC BY-NC-ND",http://opengov.seoul.go.kr/public/9661760
9661761,공통업무,"양천소방서 현장대응단 7월 업무추진비 공개",배민호,양천소방서,20160919105812,"공통업무>업무추진비 사용내역>업무추진비 사용내역>실국본부장, 4급이상 공무원이 장인 부서 및 기관의 업무추진비",02-2643-4119,"CC BY-NC-ND",http://opengov.seoul.go.kr/public/9661761
9662118,공통업무,"2016년 4월 고덕119안전센터 업무추진비 공개",장봉수,고덕119안전센터,20160919113537,"공통업무>업무추진비 사용내역>업무추진비 사용내역>실국본부장, 4급이상 공무원이 장인 부서 및 기관의 업무추진비",02-426-0431,"CC BY-NC-ND",http://opengov.seoul.go.kr/public/9662118
9662119,공통업무,"2016년 5월 고덕119안전센터 업무추진비 공개",장봉수,고덕119안전센터,20160919114019,"공통업무>업무추진비 사용내역>업무추진비 사용내역>실국본부장, 4급이상 공무원이 장인 부서 및 기관의 업무추진비",02-426-0431,"CC BY-NC-ND",http://opengov.seoul.go.kr/public/9662119
9662120,공통업무,"2016년 6월 고덕119안전센터 업무추진비 공개",장봉수,고덕119안전센터,20160919114204,"공통업무>업무추진비 사용내역>업무추진비 사용내역>실국본부장, 4급이상 공무원이 장인 부서 및 기관의 업무추진비",02-426-0431,"CC BY-NC-ND",http://opengov.seoul.go.kr/public/9662120
9662121,공통업무,"2016년 7월 고덕119안전센터 업무추진비 공개",장봉수,고덕119안전센터,20160919114539,"공통업무>업무추진비 사용내역>업무추진비 사용내역>실국본부장, 4급이상 공무원이 장인 부서 및 기관의 업무추진비",02-426-0431,"CC BY-NC-ND",http://opengov.seoul.go.kr/public/9662121
9662122,주택도시계획,"서울 공공한옥 위탁자 선정 계획",채한샘,한옥조성과,20160919132820,"주택도시계획>한옥보전관리>한옥 보전 및 진흥계획, 밀집지역 지정현황 등>매입한옥 위탁자 선정계획",0221335581,"CC BY-NC-ND",http://opengov.seoul.go.kr/public/9662122
9662123,환경,"도로먼지 재비산 방지를 위한 2016년도 도로분진청소 종합계획",손동기,생활환경과,20160919000000,"환경>생활환경 관리>청소종합대책>서울시 도로분진청소 종합계획",2133-3708,"CC BY-NC-ND",http://opengov.seoul.go.kr/public/9662123
9662124,공통업무,"2016년 7월 강동소방서(현장대응단) 업무추진비 공개",조한재,현장대응단,20160919000000,"공통업무>업무추진비 사용내역>업무추진비 사용내역>실국본부장, 4급이상 공무원이 장인 부서 및 기관의 업무추진비",02-474-0119,"CC BY-NC-ND",http://opengov.seoul.go.kr/public/9662124
9662125,환경,"서울특별시 도시가스 공급시설 2개년(2016-2017) 공사계획 공고",이정수,녹색에너지과,20160919142242,"환경>집단에너지>집단에너지 사업 추진현황>도시가스 장단기 공급계획",02-2133-3561,"CC BY-NC-ND",http://opengov.seoul.go.kr/public/9662125
9662126,환경,"서울특별시 도시가스 5개년(2016-2020) 공급계획",이정수,녹색에너지과,20160919142622,"환경>집단에너지>집단에너지 사업 추진현황>도시가스 장단기 공급계획",02-2133-3561,"CC BY-NC-ND",http://opengov.seoul.go.kr/public/9662126
9662135,공통업무,"복지정책과 8월 업무추진비 사용내역 공개",김정열,복지정책과,20160919161203,"공통업무>업무추진비 사용내역>업무추진비 사용내역>실국본부장, 4급이상 공무원이 장인 부서 및 기관의 업무추진비",2133-7319,"CC BY-NC-ND",http://opengov.seoul.go.kr/public/9662135
9662136,공통업무,"2016년 4월 업무추진비 공개",윤영흠,천호119,20160919161708,"공통업무>업무추진비 사용내역>업무추진비 사용내역>실국본부장, 4급이상 공무원이 장인 부서 및 기관의 업무추진비",02-476-0119,"CC BY-NC-ND",http://opengov.seoul.go.kr/public/9662136
9662137,공통업무,"2016년 5월 천호 업무추진비 공개",윤영흠,천호119,20160919161944,"공통업무>업무추진비 사용내역>업무추진비 사용내역>실국본부장, 4급이상 공무원이 장인 부서 및 기관의 업무추진비",02-476-0119,"CC BY-NC-ND",http://opengov.seoul.go.kr/public/9662137
9662138,공통업무,"2016년 6월 천호119 업무추진비 공개",윤영흠,천호119,20160919162124,"공통업무>업무추진비 사용내역>업무추진비 사용내역>실국본부장, 4급이상 공무원이 장인 부서 및 기관의 업무추진비",02-476-0119,"CC BY-NC-ND",http://opengov.seoul.go.kr/public/9662138
9662139,공통업무,"2016년 4월 천호119 업무추진비 공개",윤영흠,천호119,20160919162447,"공통업무>업무추진비 사용내역>업무추진비 사용내역>실국본부장, 4급이상 공무원이 장인 부서 및 기관의 업무추진비",02-476-0119,"CC BY-NC-ND",http://opengov.seoul.go.kr/public/9662139
9662140,환경,"2016년 건물에너지효율화(BRP) 융자지원사업",유성원,환경정책과,20160919163646,"환경>에너지 절감>에너지 절감사업 추진현황>민간부문 건물에너지효율화사업",2133-3578,"CC BY-ND",http://opengov.seoul.go.kr/public/9662140
9662141,공통업무,"2016년 8월 교통정책과 업무추진비 집행내역",박인근,교통정책과,20160919175753,"공통업무>업무추진비 사용내역>업무추진비 사용내역>실국본부장, 4급이상 공무원이 장인 부서 및 기관의 업무추진비",2133-2214,"CC BY-NC-ND",http://opengov.seoul.go.kr/public/9662141
9662142,공통업무,"강동소방서 암사119안전센터 업무추진비 집행내역",채수영,암사119안전센터,20160919195354,"공통업무>업무추진비 사용내역>업무추진비 사용내역>실국본부장, 4급이상 공무원이 장인 부서 및 기관의 업무추진비",02-3426-2119,"CC BY",http://opengov.seoul.go.kr/public/9662142
9662144,공통업무,"강동소방서 예방과 4월 업무추진비 집행내역",유종표,예방과,20160920091627,"공통업무>업무추진비 사용내역>업무추진비 사용내역>실국본부장, 4급이상 공무원이 장인 부서 및 기관의 업무추진비",02-473-3119,"CC BY",http://opengov.seoul.go.kr/public/9662144
9662145,공통업무,"강동소방서 예방과 5월 업무추진비 집행내역",유종표,예방과,20160920091923,"공통업무>업무추진비 사용내역>업무추진비 사용내역>실국본부장, 4급이상 공무원이 장인 부서 및 기관의 업무추진비",02-473-3119,"CC BY-NC-ND",http://opengov.seoul.go.kr/public/9662145
9662146,공통업무,"강동소방서 예방과 6월 업무추진비 집행내역",유종표,예방과,20160920092103,"공통업무>업무추진비 사용내역>업무추진비 사용내역>실국본부장, 4급이상 공무원이 장인 부서 및 기관의 업무추진비",02-473-3119,"CC BY-NC-ND",http://opengov.seoul.go.kr/public/9662146
9662147,공통업무,"강동소방서 예방과 7월 업무추진비 집행내역",유종표,예방과,20160920092234,"공통업무>업무추진비 사용내역>업무추진비 사용내역>실국본부장, 4급이상 공무원이 장인 부서 및 기관의 업무추진비",02-473-3119,"CC BY-NC-ND",http://opengov.seoul.go.kr/public/9662147
9662148,공통업무,"2016년 7월 천호119업무추진비 공개",윤영흠,천호119,20160920094910,"공통업무>업무추진비 사용내역>업무추진비 사용내역>실국본부장, 4급이상 공무원이 장인 부서 및 기관의 업무추진비",02-476-0119,"CC BY-NC-ND",http://opengov.seoul.go.kr/public/9662148
9662149,주택도시계획,"소형주택(30~60m2) 20만호 공급현황",이기택,공동주택과,20160920103401,"주택도시계획>임대주택>임대주택 개발 공급현황>소형주택 공급활성화 및 수급관리 현황",7138,"CC BY",http://opengov.seoul.go.kr/public/9662149
9662150,공통업무,"업무추진비 사용 내역",한상훈,길동119안전센터,20160920112532,"공통업무>업무추진비 사용내역>업무추진비 사용내역>실국본부장, 4급이상 공무원이 장인 부서 및 기관의 업무추진비",487-6119,"CC BY-NC-ND",http://opengov.seoul.go.kr/public/9662150
9662151,공통업무,"업무추진비 사용 내역 공개",한상훈,길동119안전센터,20160920120638,"공통업무>업무추진비 사용내역>업무추진비 사용내역>실국본부장, 4급이상 공무원이 장인 부서 및 기관의 업무추진비",487-6119,"CC BY-NC-ND",http://opengov.seoul.go.kr/public/9662151
9662152,공통업무,"업무추진비 사용내역 공개",한상훈,길동119안전센터,20160920121742,"공통업무>업무추진비 사용내역>업무추진비 사용내역>실국본부장, 4급이상 공무원이 장인 부서 및 기관의 업무추진비",487-6119,"CC BY-NC-ND",http://opengov.seoul.go.kr/public/9662152
9662153,공통업무,"업무추진비 사용내역 공개",한상훈,길동119안전센터,20160920122527,"공통업무>업무추진비 사용내역>업무추진비 사용내역>실국본부장, 4급이상 공무원이 장인 부서 및 기관의 업무추진비",487-6119,"CC BY-NC-ND",http://opengov.seoul.go.kr/public/9662153
9678045,문화관광,"제16회 <서울우수공공디자인> 인증제 최종선정",박재호,도시공간개선단,20160920000000,"문화관광>도시경관 개선관리>서울우수공공디자인 인증제 운영>서울우수공공디자인 인증제품 공개",2133-7611,"CC BY-NC",http://opengov.seoul.go.kr/public/9678045
9678046,공통업무,"서울시의회 공보실 업무추진비 사용내역 ",이순희,"서울시의회사무처 공보실",20160920202611,"공통업무>업무추진비 사용내역>업무추진비 사용내역>실국본부장, 4급이상 공무원이 장인 부서 및 기관의 업무추진비",3702-1300,"CC BY-NC-ND",http://opengov.seoul.go.kr/public/9678046
9678047,행정,"2016년 서울시 교육지원기본계획",박호숙,교육정책담당관,20160920000000,"행정>교육지원계획>교육지원 기본계획>교육지원 기본계획",2133-3917,"CC BY-NC-ND",http://opengov.seoul.go.kr/public/9678047
9678048,공통업무,"2016년 8월 물순환안전국 난지물재생센터 관리과 업무추진비 집행내역",지두연,관리과,20160921094506,"공통업무>업무추진비 사용내역>업무추진비 사용내역>실국본부장, 4급이상 공무원이 장인 부서 및 기관의 업무추진비",300-8516,"CC BY-ND",http://opengov.seoul.go.kr/public/9678048
9678049,경제,"서울시 협동조합 신고현황('16.6월 기준)",김미화,사회적경제과,20160921105650,"경제>사회적경제>협동조합 현황>서울시 협동조합 신고 현황",0221335478,"CC BY",http://opengov.seoul.go.kr/public/9678049
9678050,행정,"2016 서울영어마을 지원계획",최영숙,평생교육담당관,20160921112435,"행정>영어마을>영어마을 추진계획 및 지원현황>서울영어마을 사업계획",2133-3971,"CC BY",http://opengov.seoul.go.kr/public/9678050
9692960,공통업무,"2016년 8월 안전총괄본부 상황대응과 업무추진비 집행내역",조연수,상황대응과,20160921222804,"공통업무>업무추진비 사용내역>업무추진비 사용내역>실국본부장, 4급이상 공무원이 장인 부서 및 기관의 업무추진비",02-2133-8522,"CC BY-NC-ND",http://opengov.seoul.go.kr/public/9692960
9692961,공통업무,"강동소방서 예방과 4월 업무추진비 집행내역",유종표,예방과,20160922100841,"공통업무>업무추진비 사용내역>업무추진비 사용내역>실국본부장, 4급이상 공무원이 장인 부서 및 기관의 업무추진비",02-473-3119,"CC BY-NC-ND",http://opengov.seoul.go.kr/public/9692961
9692962,공통업무,"강동소방서 예방과 5월 업무추진비 집행내역",유종표,예방과,20160922101024,"공통업무>업무추진비 사용내역>업무추진비 사용내역>실국본부장, 4급이상 공무원이 장인 부서 및 기관의 업무추진비",02-473-3119,"CC BY-NC-ND",http://opengov.seoul.go.kr/public/9692962
9692963,공통업무,"강동소방서 예방과 6월 업무추진비 집행내역",유종표,예방과,20160922101159,"공통업무>업무추진비 사용내역>업무추진비 사용내역>실국본부장, 4급이상 공무원이 장인 부서 및 기관의 업무추진비",02-473-3119,"CC BY-NC-ND",http://opengov.seoul.go.kr/public/9692963
9692964,공통업무,"강동소방서 예방과 7월 업무추진비 집행내역",유종표,예방과,20160922101328,"공통업무>업무추진비 사용내역>업무추진비 사용내역>실국본부장, 4급이상 공무원이 장인 부서 및 기관의 업무추진비",02-473-3119,"CC BY-NC-ND",http://opengov.seoul.go.kr/public/9692964
9692965,공통업무,"2016년 7월 천호119안전센터 업무추진비 내역",윤영흠,천호119,20160922114256,"공통업무>업무추진비 사용내역>업무추진비 사용내역>실국본부장, 4급이상 공무원이 장인 부서 및 기관의 업무추진비",476-0119,"CC BY-NC-ND",http://opengov.seoul.go.kr/public/9692965
9705381,공통업무,"5월 길동 업무추진비 공개",한상훈,길동119안전센터,20160922121630,"공통업무>업무추진비 사용내역>업무추진비 사용내역>실국본부장, 4급이상 공무원이 장인 부서 및 기관의 업무추진비",487-6119,"CC BY-NC-ND",http://opengov.seoul.go.kr/public/9705381
9705382,공통업무,"5월 길동119안전센터 업무추진비 공개",한상훈,길동119안전센터,20160922121930,"공통업무>업무추진비 사용내역>업무추진비 사용내역>실국본부장, 4급이상 공무원이 장인 부서 및 기관의 업무추진비",487-6119,"CC BY-NC-ND",http://opengov.seoul.go.kr/public/9705382
9705383,공통업무,"6월 길동119안전센터 업무추진비 공개",한상훈,길동119안전센터,20160922122136,"공통업무>업무추진비 사용내역>업무추진비 사용내역>실국본부장, 4급이상 공무원이 장인 부서 및 기관의 업무추진비",487-6119,"CC BY-NC-ND",http://opengov.seoul.go.kr/public/9705383
9705384,공통업무,"7월 길동119안전센터 업무추진비 공개",한상훈,길동119안전센터,20160922122413,"공통업무>업무추진비 사용내역>업무추진비 사용내역>실국본부장, 4급이상 공무원이 장인 부서 및 기관의 업무추진비",487-6119,"CC BY-NC-ND",http://opengov.seoul.go.kr/public/9705384
9705385,공통업무,"2016년 8월 동부공원녹지사업소 시설과 부서운영업무추진비 집행내역",이해순,시설과,20160922143153,"공통업무>업무추진비 사용내역>업무추진비 사용내역>실국본부장, 4급이상 공무원이 장인 부서 및 기관의 업무추진비",2181-1165,"CC BY-NC-ND",http://opengov.seoul.go.kr/public/9705385
9720275,환경,"시사업소 공공부문 LED조명 보급현황",이재복,환경정책과,20160923182915,"환경>에너지 절감>에너지 절감사업 추진현황>시 산하 공공부문 LED 조명 보급 현황",2133-3579,"CC BY-NC-ND",http://opengov.seoul.go.kr/public/9720275
9734183,공통업무,"2016년 7월 한성백제박물관 업무추진비 집행내역 ",이종해,총무과,20160925000000,"공통업무>업무추진비 사용내역>업무추진비 사용내역>실국본부장, 4급이상 공무원이 장인 부서 및 기관의 업무추진비",02)2152-5814,"CC BY-NC-ND",http://opengov.seoul.go.kr/public/9734183
9734184,공통업무,"2016년 8월 한성백제박물관 업무추진비 집행내역",이종해,총무과,20160925165956,"공통업무>업무추진비 사용내역>업무추진비 사용내역>실국본부장, 4급이상 공무원이 장인 부서 및 기관의 업무추진비",02)2152-5814,"CC BY-NC-ND",http://opengov.seoul.go.kr/public/9734184
9734187,공통업무,"2016.8월 역사문화재과 업무추진비 집행내역",이훈영,역사문화재과,20160926093653,"공통업무>업무추진비 사용내역>업무추진비 사용내역>실국본부장, 4급이상 공무원이 장인 부서 및 기관의 업무추진비",2133-2614,"CC BY",http://opengov.seoul.go.kr/public/9734187
9734464,공통업무,"1천만원이상 수의계약(공사, 용역, 물품)- 7~8월",김석기,재무과,20160927110138,"공통업무>계약현황>공사, 물품구매, 용역 등 주요 계약현황>계약금액 1천만원 이상의 수의계약 현황",02-2133-3242,"CC BY-NC-SA",http://opengov.seoul.go.kr/public/9734464
9734465,공통업무,"1억원이상 공사계약(7~8월)",김석기,재무과,20160927110301,"공통업무>계약현황>공사, 물품구매, 용역 등 주요 계약현황>1억원 이상의 공사 계약서",02-2133-3242,"CC BY-ND",http://opengov.seoul.go.kr/public/9734465
9734466,공통업무,"1억원이상 용역계약(7~8월)",김석기,재무과,20160927110406,"공통업무>계약현황>공사, 물품구매, 용역 등 주요 계약현황>1억원 이상의 용역계약서",02-2133-3242,"CC BY-ND",http://opengov.seoul.go.kr/public/9734466
9734467,공통업무,"1억원이상 물품계약",김석기,재무과,20160927110544,"공통업무>계약현황>공사, 물품구매, 용역 등 주요 계약현황>1억원 이상의 물품구매 계약서",02-2133-3242,"CC BY-ND",http://opengov.seoul.go.kr/public/9734467
9750229,환경,"서울시 재활용 선별장 현황",백강엽,자원순환과,20160927161954,"환경>생활환경 관리>생활환경 관리현황>폐기물 중간시설 설치현황",2133-3691,"CC BY-ND",http://opengov.seoul.go.kr/public/9750229
9750230,환경,"2016년 8월 대기질 현황",최용석,대기관리과,20160927162925,"환경>대기질 관리>대기질 개선 계획, 평가결과 등>대기질 검사결과",02-2133-3669,"CC BY",http://opengov.seoul.go.kr/public/9750230
9750231,공통업무,"2016년 7월 강북아리수정수센터 부서운영업무추진비 사용내역",전고운,"상수도사업본부 강북아리수정수센터 정수시설과",20160927163554,"공통업무>업무추진비 사용내역>업무추진비 사용내역>실국본부장, 4급이상 공무원이 장인 부서 및 기관의 업무추진비",5888,"CC BY-NC-ND",http://opengov.seoul.go.kr/public/9750231
9750232,공통업무,"2016년 8월 강북아리수정수센터 정수시설과 업무추진비 내역",전고운,"상수도사업본부 강북아리수정수센터 정수시설과",20160927163845,"공통업무>업무추진비 사용내역>업무추진비 사용내역>실국본부장, 4급이상 공무원이 장인 부서 및 기관의 업무추진비",5888,"CC BY-NC-ND",http://opengov.seoul.go.kr/public/9750232
9764852,공통업무,"은평병원 간호부 9월 부서운영 업무추진비 집행내역",정윤,간호부,20160928165534,"공통업무>업무추진비 사용내역>업무추진비 사용내역>실국본부장, 4급이상 공무원이 장인 부서 및 기관의 업무추진비",300-8162,"CC BY-ND",http://opengov.seoul.go.kr/public/9764852
9764853,공통업무,"여성가족정책실 가족담당관 7월 업무추진비 집행내역 공개",강소영,가족담당관,20160928170409,"공통업무>업무추진비 사용내역>업무추진비 사용내역>실국본부장, 4급이상 공무원이 장인 부서 및 기관의 업무추진비",02-2133-5170,"CC BY-NC-ND",http://opengov.seoul.go.kr/public/9764853
9764854,공통업무,"여성가족정책실 가족담당관 8월 업무추진비 집행내역",강소영,가족담당관,20160928170503,"공통업무>업무추진비 사용내역>업무추진비 사용내역>실국본부장, 4급이상 공무원이 장인 부서 및 기관의 업무추진비",02-2133-5170,"CC BY-NC-ND",http://opengov.seoul.go.kr/public/9764854
9764857,공통업무,"2016년 8월 환경수자원전문위원실 업무추진비 내역 등록",이지훈,환경수자원전문위원실,20160929100221,"공통업무>업무추진비 사용내역>업무추진비 사용내역>실국본부장, 4급이상 공무원이 장인 부서 및 기관의 업무추진비",3705-1225,"CC BY",http://opengov.seoul.go.kr/public/9764857
9778636,주택도시계획,"국제교류복합지구(코엑스~잠실운동장 일대) 지구단위계획 결정(변경) 고시",이은중,동남권계획반,20160929213459,"주택도시계획>지구단위계획>지구단위계획 수립현황>자치구 등 지구단위계획 신규 및 재정비",2133-8229,"CC BY-NC-ND",http://opengov.seoul.go.kr/public/9778636
